amplicon,chromosome,start,end,length,gene_name,amplicon_id,forward,reverse,Same.amplicon.as.VTN
ABCE1_1,PvP01_11_v1,159891,160215,324,ABCE1,AMPL4339786,CTTATGTAGGCTATCTTCGAGGTGT,GTTCAATTTGGCAGACAAGGAGGTA,1
ABCE1_2,PvP01_11_v1,160190,160518,328,ABCE1,AMPL4340040,AACTCATTTCCTCGGAAGAAGGATA,CGTTTTGACGATTGGGCAGTTTTTC,1
ABCE1_3,PvP01_11_v1,160450,160779,329,ABCE1,AMPL4339930,TACACATTTGTCGTCTGCCCTATGA,TTCAGCGCTGTGGATTTTCCTATTC,1
ABCE1_4,PvP01_11_v1,160766,161091,325,ABCE1,AMPL4339514,TCATCTGTTACGTCCTGATCTGTAG,AGCGAATCTTTGTAACTCTCCTCCA,1
ABCE1_5,PvP01_11_v1,161077,161399,322,ABCE1,AMPL4339817,AGGGATCTGTGTATAGCCCCTTTAG,AGAGACTCCTCCCTTATTCGTAGGT,1
ABCE1_6,PvP01_11_v1,161308,161636,328,ABCE1,AMPL4339619,CCACGACGAACGCCGTTTTGTTAGT,AGACTTTCTACGTTATCCGGTTTGA,1
ABCE1_7,PvP01_11_v1,161607,161934,327,ABCE1,AMPL4339587,TACGGTTATGTACACACGTATGCAG,AAACGATGATTCTCTGCTCGGAGTC,1
ABCE1_8,PvP01_11_v1,161847,162171,324,ABCE1,AMPL4339539,AAGTGCTGCCAATTTGTTGTTTTCC,CGTACTTGTTTATCCTGGGGCGGTA,1
ALV7,PvP01_11_v1,1226851,1227143,292,ALV7,AMPL4347628,AGGGATGGGTAGACCCAAACATTAC,TATGAAACGGTGATGAACTGAGCTG,1
CLAMP,PvP01_06_v1,646077,646399,322,CLAMP,AMPL4347653,CTCCTACTGCTTCTACATCTTTATG,GGATTAATCATAATGGGTTCCCTGG,1
DPAP3,PvP01_03_v1,220801,221130,329,DPAP3,AMPL4347647,GCAATAAACAGCTGGTCCTTTGCGA,GAAAATCCTCCACCCATGATGAACA,1
IMC1b,PvP01_09_v1,1883812,1884132,320,IMC1b,AMPL4347637,TAAAGTGATAGAAGTCCCCGAATTG,AAATGGCGACATCATAAGAAATAGC,1
pvama1_1,PvP01_09_v1,1459281,1459605,324,pvama1,AMPL4339754,GTTAAGAAGCTAACAGCGGAATTCT,ACTTAAGAGAAAGGCAGCGATTTGG,1
pvama1_2,PvP01_09_v1,1459561,1459885,324,pvama1,AMPL4339671,CGGACCCATATTTTCCTGCGCTGAT,ATTCTGTACTTTGCATTTTCCACTT,1
pvama1_3,PvP01_09_v1,1459853,1460179,326,pvama1,AMPL4339631,CGTCATTTCTTCTTCATACTGAGTT,GTCGTATACAGCTGGGTGTCTGTAG,1
pvama1_4,PvP01_09_v1,1460162,1460486,324,pvama1,AMPL4339839,TGTTCCTCGATTGTTTCCTAATTTC,CGCTTCGAAAACGATTCGGTTGCAT,1
pvama1_5,PvP01_09_v1,1460475,1460800,325,pvama1,AMPL4340166,CTTCTTCTTGAAGTAGGCCATAGAG,CGTCTTTATATATGCTGCAGGGGAA,1
pvama1_6,PvP01_09_v1,1460753,1461078,325,pvama1,AMPL4339902,GCCAACGTGGCTTCGTGAATTCGTT,TAGCATCTGCTTGTTCGATTTTTCC,1
pvcrt_o_1,PvP01_01_v1,442168,442480,312,pvcrt_o,AMPL4340273,ATGGGGACGTCCTCTTGTATTTCGC,TAACGTGATGCAGATAACGTGACGC,1
pvcrt_o_2,PvP01_01_v1,442420,442704,284,pvcrt_o,AMPL4340265,GGCGACCAAACATAAAGTACAAGGC,CCTCACGTAAAGGGTAAAACACCCC,1
pvcrt_o_3,PvP01_01_v1,442650,442978,328,pvcrt_o,AMPL4340289,ATTGAACTCCGAAGTTTCGGTGTCT,GTTCCCAATCTTCTTCAGAGTCCTC,1
pvcrt_o_4,PvP01_01_v1,442921,443247,326,pvcrt_o,AMPL4340245,CCTGTATCGCAAAATCAAAAAGCAG,ATAGAAGGAGGTACTCCCGATGGAT,1
pvcrt_o_5,PvP01_01_v1,443236,443565,329,pvcrt_o,AMPL4340269,CCAAATCCTACAATCAGCGAGGCAA,TATCGGAATGCTCAGCTGCATGACG,1
pvcrt_o_6,PvP01_01_v1,443466,443784,318,pvcrt_o,AMPL4340285,CAGGCGCAGGATGTTTATTTTGTAC,CGTAATTGAACAGGTGGTATCTGCG,1
pvcrt_o_7,PvP01_01_v1,443774,444098,324,pvcrt_o,AMPL4340253,AAAGTTGGTGACCCATGTAGCTAAG,CGATTTCTCTGGTCATGTTGGAGAA,1
pvcrt_o_8,PvP01_01_v1,444080,444407,327,pvcrt_o,AMPL4340303,GCCTTACCCATGCTCCTTCGCAATC,GACATGGAGATTTGGGAAAGCACAA,1
pvcrt_o_9,PvP01_01_v1,444339,444671,332,pvcrt_o,AMPL4340302,AATGTTGGGGAAGCGTCTGCAGGGT,GAAGCAAAGCAGCCGTGGGGGGAGG,1
pvcrt_o_10,PvP01_01_v1,444655,444980,325,pvcrt_o,AMPL4340275,GGTGTAGGTCATGGTTGAGAATTTC,CATTCAGTTAAAGCAGCTGCGGTTT,1
pvcrt_o_11,PvP01_01_v1,444892,445219,327,pvcrt_o,AMPL4340283,CATATTTGGCTCCCCCTTACCAAAG,ACAGGTAGTCCTCAAAAGACACACA,1
pvcrt_o_12,PvP01_01_v1,445071,445395,324,pvcrt_o,AMPL4340282,CTTACTCTCAAGAATTATGTTTCCT,CCCTACCGCAAGGAACTTAAAGTAG,1
pvcrt_o_13,PvP01_01_v1,445380,445683,303,pvcrt_o,AMPL4340263,CACTCATCCAGAGAGCAAATCTTCT,GATCCGAAGAGGTAGCCAAACTGAC,1
pvdhfr_1,PvP01_05_v1,1077249,1077574,325,pvdhfr,AMPL4339583,GGTACCTCTCCCTCTTCCACTTTAG,TATAGCTCCACTGGGTGTGATGGTG,1
pvdhfr_2,PvP01_05_v1,1077535,1077860,325,pvdhfr,AMPL4339531,CCCCCAATGATGAAGCATTTGTAGT,CCTGAAGTACTTCATATCGACGGAG,1
pvdhfr_3,PvP01_05_v1,1077771,1078015,244,pvdhfr,AMPL4339951,CCTTGCTGTTGTACACCTCACTGAC,GAAAGCACGACGTTGATTCTGTTTG,1
pvdhfr_4,PvP01_05_v1,1077953,1078280,327,pvdhfr,AMPL4340056,TTGTTAAAGCTGAAGTACACGAGGT,CGTTGATCCTCGTGAAGTAGATCTG,1
pvdhfr_5,PvP01_05_v1,1078072,1078395,323,pvdhfr,AMPL4339608,CATGATGATGTCGTATATGATGCCT,CTTGCTGTAAACCAAAAAGTCCAGA,1
pvdhfr_6,PvP01_05_v1,1078378,1078709,331,pvdhfr,AMPL4339573,GTGTATTCAGCACCGAAGTGTCTCC,GTGCTGCTTAATCTTCAGGCTGTTG,1
pvdhfr_7,PvP01_05_v1,1078667,1078980,313,pvdhfr,AMPL4339870,AATCATGTGTGTGAATATGGAATAC,GGAATAATTTCCTGTTGTCGAGGAA,1
pvdhfr_8,PvP01_05_v1,1078959,1079282,323,pvdhfr,AMPL4340044,CGCTAGCTAGCTATAAAAGTATTTT,CCAAGACCCAAGTCACAAGACCTCT,1
pvdhps_1,PvP01_14_v1,1269755,1270072,317,pvdhps,AMPL4339663,ATCACAACTGTGGAGGTTCAAAATG,GGTAATCTCCTGGCAGTGCACGAAA,1
pvdhps_2,PvP01_14_v1,1270046,1270371,325,pvdhps,AMPL4339721,AAGCACGACCAGTCTATTAAGCTGT,GCTTTTGTACCAGAAAAATATTTGC,1
pvdhps_3,PvP01_14_v1,1270354,1270682,328,pvdhps,AMPL4339572,TAAGCATCGACACGGTCAATTATGA,TACGATGAGTACCCGCTGTTTCTTG,1
pvdhps_4,PvP01_14_v1,1270657,1270984,327,pvdhps,AMPL4339969,TGGCGGTTTATTTGTCGATCCTGTG,GAGTTGGTGGACATCCTAAACGATA,1
pvdhps_5,PvP01_14_v1,1270867,1271190,323,pvdhps,AMPL4340085,ATCATTCCAGAGTATAAGCACAGCA,GTCATGCCTGTTTTGAAGCTCTTTA,1
pvdhps_6,PvP01_14_v1,1271179,1271484,305,pvdhps,AMPL4339876,ATTGAGCAAATCATGAAAAGAAGGG,GCCATTCGCTCAACTTATAACAGTT,1
pvdhps_7,PvP01_14_v1,1271471,1271796,325,pvdhps,AMPL4339717,TCTTGGATAGGCGATTTGATCCCAA,TCAGGGAGAAATATTTCAAAATCGC,1
pvdhps_8,PvP01_14_v1,1271701,1272027,326,pvdhps,AMPL4339843,GTGCATACCATCCCCCAGTAGTAAA,ATTATTAGGGAAGTCAGCGTAGAGG,1
pvdhps_9,PvP01_14_v1,1272016,1272327,311,pvdhps,AMPL4340007,GAAGAACGCATATAAACAGAACAGC,GTAGACACATAGGTCCAAATGCCGC,1
pvdmt2_1,PvP01_03_v1,552739,553070,331,pvdmt2,AMPL4339916,TTAATACCTGGTTTACGAGGTCCAG,CGATCACCGGTAGGCAAATGCTCCT,1
pvdmt2_2,PvP01_03_v1,553058,553380,322,pvdmt2,AMPL4340057,CCCATTAAACACACGATGTTCTGTC,AAAGATCTTCATCCATTTGCACTCA,1
pvdmt2_3,PvP01_03_v1,553322,553619,297,pvdmt2,AMPL4339751,GAAAAATAATGGCGACTTTGAGTCC,GCTCACGATGATTAAAATGACTCCA,1
pvdmt2_4,PvP01_03_v1,553602,553924,322,pvdmt2,AMPL4339638,ACAAATCACCTGAACAGGTCATAAA,TGAGTGATCCGCTAATCTTCATGAT,1
pvk13_1,PvP01_12_v1,484766,485090,324,pvk13,AMPL4339656,TCCCAAGGTTTTCTTTCGACAAATT,GCTTTCATGCGTGAAGATTCATCTG,1
pvk13_2,PvP01_12_v1,485026,485356,330,pvk13,AMPL4339743,ACTTGAGTCACTCAACTCCGTTTCG,ACGCTCAAATCGATCGATTCCAAGA,1
pvk13_3,PvP01_12_v1,485271,485577,306,pvk13,AMPL4339896,CCGTTTGATATATCAATGTCCAGTT,TTATCGGGGTGGATGAATCCATGAA,1
pvk13_4,PvP01_12_v1,485561,485869,308,pvk13,AMPL4340099,GTACCTCCCACTTAGCAACTTTTCT,CAGTTTCTGTTCCTCGATTGATTTT,1
pvk13_5,PvP01_12_v1,485842,486166,324,pvk13,AMPL4339964,GAAATATGCCTTCTTCGTGGACATG,GTGTGCCTAGAAGTTTCGAATATGG,1
pvk13_6,PvP01_12_v1,486137,486464,327,pvk13,AMPL4339521,AGGCTACACACATGGAGGAAGATCG,AATGTCTAACAGCTCCATGGAGTTC,1
pvk13_7,PvP01_12_v1,486448,486777,329,pvk13,AMPL4339804,CCACCAGTGATGATGTACGAATCGG,GCGATTTCTACCCAAGCCTTCATCC,1
pvk13_8,PvP01_12_v1,486754,487079,325,pvk13,AMPL4339737,GGGGAAACATATACCGTGGTAGTGG,ATCTTCTTCTCTGGAACTCCATTGA,1
pvmdr1_1,PvP01_10_v1,478690,478993,303,pvmdr1,AMPL4339696,GAGAGAGCCAAAGATTTTGTTGTTA,TATGTACGTACGTGCCTCTCCAATC,1
pvmdr1_2,PvP01_10_v1,478965,479293,328,pvmdr1,AMPL4340114,GAACAGTGGAAAGATACTGCTCGAC,ATTCGGAGAAGCTCATTGAGAAGAC,1
pvmdr1_3,PvP01_10_v1,479239,479564,325,pvmdr1,AMPL4339905,ACAAAGATTTGACCTTCTCCTGTGA,GTTAGCCAAGAACCCATGCTCTTTA,1
pvmdr1_4,PvP01_10_v1,479547,479875,328,pvmdr1,AMPL4339611,TAACAGTTTTGCCTACTGGTTTGGT,CTATTGTTGGCGAAACGGGTAGTGG,1
pvmdr1_5,PvP01_10_v1,479861,480180,319,pvmdr1,AMPL4339779,TTCATTTTTATGAGAGTGTTTGCCA,AAGAGGTACAATACAAGTGGATGAC,1
pvmdr1_6,PvP01_10_v1,480163,480488,325,pvmdr1,AMPL4340162,CGATTGCCATGTTCATTTCTGAGAC,GCCAACAAGGATGTAGAGAAGAAGC,1
pvmdr1_7,PvP01_10_v1,480459,480774,315,pvmdr1,AMPL4339645,AAAATGAGTGACGCCAAAGCAAGTA,GAGAGAAAGTAGAGAAGACCATGAA,1
pvmdr1_8,PvP01_10_v1,480761,481082,321,pvmdr1,AMPL4339566,AGAAGAATGAGAAGCATGATAAGCA,AGGAAGGTTAGCCTTTTTGAGAAAC,1
pvmdr1_9,PvP01_10_v1,481068,481398,330,pvmdr1,AMPL4340137,ACGCTGGTGGGTTCTAATGCATCTA,AAAATAGCAGCGCGAACCAAAAAAT,1
pvmdr1_10,PvP01_10_v1,481332,481658,326,pvmdr1,AMPL4339809,TGTACAGCCTGAAAGATTTAGAAGC,TGATTCTCGATGAAGCCACCTCATC,1
pvmdr1_11,PvP01_10_v1,481641,481959,318,pvmdr1,AMPL4339874,CAGTTTAAGAATGTGCGTTTTCACT,ACGAAGATGGTTTTTCTTCTCAAAG,1
pvmdr1_12,PvP01_10_v1,481948,482262,314,pvmdr1,AMPL4339788,CACATTGGTATGATTAACGGGTTCA,AAGGATGTAGAAATTTACAAGGACC,1
pvmdr1_13,PvP01_10_v1,482243,482567,324,pvmdr1,AMPL4339936,ACGCAAGTGCATTTTTGGGTCTATA,TGGTTTTTGGTACGGAACGAGAATC,1
pvmdr1_14,PvP01_10_v1,482554,482882,328,pvmdr1,AMPL4339506,TGCCCTTCTTCGTATCCGTTTTTGG,TTTAAGAACGCTAGACTCACCCTCT,1
pvmdr1_15,PvP01_10_v1,482832,483160,328,pvmdr1,AMPL4339560,GCCCTCCCTTACCGCCTTTTATGCC,TTTCGCTAGTCCTCATCGGAATATT,1
pvmdr2_1,PvP01_12_v1,2441294,2441617,323,pvmdr2,AMPL4380317,TAACTCTGCTTCACATCAAATTGGT,GCTCTTTCACGAATTATGAGTTCAC,1
pvmdr2_2,PvP01_12_v1,2441583,2441907,324,pvmdr2,AMPL4380308,GCATAATAACTCCCCTCATGATTCC,GTCCACCACATGGTAGATGCTAATT,1
pvmdr2_3,PvP01_12_v1,2441826,2442153,327,pvmdr2,AMPL4380318,TGTACGACTGGTTCCAATACAACGC,TATGATGGCCAATATCCCTGTGAAG,1
pvmdr2_4,PvP01_12_v1,2442131,2442459,328,pvmdr2,AMPL4380311,TGTCCTCCAGGAAGCTTATGTTCGG,GAATCGTTGTTCATCGTGCTCGTGT,1
pvmdr2_5,PvP01_12_v1,2442329,2442659,330,pvmdr2,AMPL4380309,CATATCCCTTTTCAACACCTCGTTG,TTATCCGGGCGGTAGCTCTTCTTCT,1
pvmdr2_6,PvP01_12_v1,2442634,2442955,321,pvmdr2,AMPL4380310,AAAATGATGCAGGTAACAACTCCTT,TGATTACGCTGAATACTTTTGAGAG,1
pvmdr2_7,PvP01_12_v1,2442905,2443233,328,pvmdr2,AMPL4380322,GCACCCCCAAACTGTTAAGGATCTT,GCACTCTCAGTACCTCTGTCTACAA,1
pvmdr2_8,PvP01_12_v1,2443208,2443528,320,pvmdr2,AMPL4380321,CTGACTCCAAATTTCTTTTCATGTG,AGAGCACTACAGAATCTCCTAATTT,1
pvmdr2_9,PvP01_12_v1,2443349,2443676,327,pvmdr2,AMPL4380312,GAGCAGTTTCGAGATGGTCGTTTTT,CTATCCGCTCCGTCATATACAATCA,1
pvmdr2_10,PvP01_12_v1,2443607,2443936,329,pvmdr2,AMPL4380327,CCTTTGTCTCCAACGAGAGTATCCC,GCCATATGCATTGGTTGTGATGGGT,1
pvmdr2_11,PvP01_12_v1,2443922,2444246,324,pvmdr2,AMPL4380315,TCTGGACTGCATATTCCACATCTCG,GACATAATAAAATCGTACAGTTGAG,1
pvmdr2_12,PvP01_12_v1,2444235,2444556,321,pvmdr2,AMPL4380324,CACTGGTTTTACTGCCTCGGGCAAG,ATTCAATTTGAGCAGATGCTGATGG,1
pvmdr2_13,PvP01_12_v1,2444516,2444840,324,pvmdr2,AMPL4380313,ATACAGTGTGCTGTAGTTCTCCTTA,TTCGCGGCTTCCTTCACAATGCTGT,1
pvmdr2_14,PvP01_12_v1,2444803,2445138,335,pvmdr2,AMPL4380325,CGGTGTGGTTCACCTCGCTGTAGGA,AGACGCCGTTCACATTTTGGTTGCT,1
pvmdr2_15,PvP01_12_v1,2445028,2445283,255,pvmdr2,AMPL4380320,CTAATCTCTCCCTCCACATGAGCTT,TACCACGCTCACTTTGTCTGCCACT,1
pvmdr2_16,PvP01_12_v1,2445279,2445607,328,pvmdr2,AMPL4380323,TCTCCACGCATGTCAATTTCGTTGT,ATCAATTGCTCCCTCCACATGAGCA,1
pvmdr2_17,PvP01_12_v1,2445386,2445706,320,pvmdr2,AMPL4380316,CTGCTGTAGTCTTGGTGGTCCAAAT,GACACATGATCACTTTCACCAATCG,1
pvmdr2_18,PvP01_12_v1,2445669,2445960,291,pvmdr2,AMPL4380314,GTTCGTTAGCCGTGGTAAGCTCGTT,ACTGAAGGTGTTCGCGTCATTATTA,1
pvmdr2_19,PvP01_12_v1,2445825,2446155,330,pvmdr2,AMPL4380326,CACATCAATAGTCATCGTCGTCAGC,CGGATCGTTGACAACTTCCCTGTCG,1
pvmdr2_20,PvP01_12_v1,2446116,2446380,264,pvmdr2,AMPL4380319,TTTCCTTCAATTCTGGGCATTCAAT,ATTGTAGTCGTAGCTGACGGAGGGT,1
pvmrp1_1,PvP01_02_v1,153713,154036,323,pvmrp1,AMPL4339900,GTACTTGTCTATAGTTCGTCTTTTC,TGTGCCTGTATATACCACGTTCGAC,1
pvmrp1_2,PvP01_02_v1,153979,154302,323,pvmrp1,AMPL4339546,GACATTATCACCGTTTTGCCGCAGT,AATAGTGTGGACTCGAATTTGAATA,1
pvmrp1_3,PvP01_02_v1,154289,154618,329,pvmrp1,AMPL4339695,CGGTATTGTAGACCCACCAGCCATA,TCACAACTGGAACGTCAGAACGTTT,1
pvmrp1_4,PvP01_02_v1,154595,154915,320,pvmrp1,AMPL4339793,TTTCAACAAAATGGGAAACCTGTAC,TGTTTATCTCGAGAACGTATTCGTC,1
pvmrp1_5,PvP01_02_v1,154870,155184,314,pvmrp1,AMPL4339697,AAATTTTCCAGAGGGTGTAAAGAGG,ATTACTTTTTCCTCAAGACTTGGGG,1
pvmrp1_6,PvP01_02_v1,155146,155468,322,pvmrp1,AMPL4339789,TATATGGCACGGTAATTTCAGCAGT,AACATATATAGCAACACCATATCGG,1
pvmrp1_7,PvP01_02_v1,155457,155779,322,pvmrp1,AMPL4339520,CGCAAATGTTTCTCCTGCTAAGGAT,CAGATGTGCTGAAGAGCATTTTGAG,1
pvmrp1_8,PvP01_02_v1,155714,156036,322,pvmrp1,AMPL4340029,CCCGAGAAATGTGGAAGCCAAATAA,AGTTGGAGGCGTTTTAATACTGTAC,1
pvmrp1_9,PvP01_02_v1,155960,156273,313,pvmrp1,AMPL4339526,AGTTTTGTTGTGTCTATGAATGAAA,GCGTAAACCCTTTTTGGAAAATGAC,1
pvmrp1_10,PvP01_02_v1,156245,156563,318,pvmrp1,AMPL4339871,TGCATAAATTGAGCTCTAACGGTGA,CCTTTTTGAGAATATCCAGTACAAA,1
pvmrp1_11,PvP01_02_v1,156540,156864,324,pvmrp1,AMPL4339679,GGAGACATTCAGTTGATCCACGGTT,GTTTTGCCAACAAAAATAGTCGAAC,1
pvmrp1_12,PvP01_02_v1,156813,157135,322,pvmrp1,AMPL4339885,AGTGTGTTTCCAGACAAGAGTTGAC,AGAACAGTTGGTTGTCCATAGGAAA,1
pvmrp1_13,PvP01_02_v1,157122,157443,321,pvmrp1,AMPL4339557,GAAGGCACAGTGAATATTGCGCGTA,GCAGTAGTAGTAGCATACACGAGAA,1
pvmrp1_14,PvP01_02_v1,157345,157664,319,pvmrp1,AMPL4339904,TGCTGTTTTGCAAAGTGCGACTTTA,GGAGAATGTTTCGAAAAAGAAGGAG,1
pvmrp1_15,PvP01_02_v1,157631,157901,270,pvmrp1,AMPL4339606,TTTACTTGAGGATGGGTTCTAATGC,CTCAGCTGACATAGTTGAAGTGTTG,1
pvmrp1_16,PvP01_02_v1,157890,158213,323,pvmrp1,AMPL4340142,AAGAATCTTTGAATACGCCATTAGG,GAGCATCACTGTCTGTTGTATTGTA,1
pvmrp1_17,PvP01_02_v1,158208,158485,277,pvmrp1,AMPL4339985,TGCTGTTGGAGGATCTATAGACAAA,TGGAAAGAAAAAGCTGTAACAGTGT,1
pvmrp1_18,PvP01_02_v1,158416,158731,315,pvmrp1,AMPL4339639,TGTGACACATTATGCATCTGAATTG,TTTGGATTGTACATCGTTGGTTTAT,1
pvmrp1_19,PvP01_02_v1,158641,158934,293,pvmrp1,AMPL4340041,AAATTAACCTTACACAAACATTTAT,TCAAAAGACATAAAGGCAAAGAAGG,1
pvmrp2_1,PvP01_14_v1,2051946,2052249,303,pvmrp2,AMPL4339602,TACGGAACTACTTCGCGGACATCAC,TGTTTTAGAGTCCGCCCGAATCCGG,1
pvmrp2_2,PvP01_14_v1,2052204,2052527,323,pvmrp2,AMPL4340161,ACAGAAGAAGAAGAGTGCATCTAGG,CTTCATTTACGTCGTGGCCAAGGGC,1
pvmrp2_3,PvP01_14_v1,2052401,2052722,321,pvmrp2,AMPL4339772,TATCAAGACCATGAGTTTGCAGGAA,ATCTTCCTAAACAGACACACATACA,1
pvmrp2_4,PvP01_14_v1,2052626,2052954,328,pvmrp2,AMPL4340042,ACTTCGAAAACGTGTTCGTGAGCTA,GACGACATTATGGAGGCCTTTAAAC,1
pvmrp2_5,PvP01_14_v1,2052938,2053265,327,pvmrp2,AMPL4339640,GTTCATCATAAAAGCGCTGCTCTAT,ATAGACAAGTCGCGCAACCTTTATT,1
pvmrp2_6,PvP01_14_v1,2053103,2053430,327,pvmrp2,AMPL4339731,TTCCCTCTACGTACAGCTGATTGTG,AAGGAAGTATCAAAGGAGGTGTCGA,1
pvmrp2_7,PvP01_14_v1,2053419,2053740,321,pvmrp2,AMPL4339813,CTTTCTTTCGTTTCCTTTTCACCAT,TGGCTTCTACATCATTTACCCTTAT,1
pvmrp2_8,PvP01_14_v1,2053710,2054014,304,pvmrp2,AMPL4340160,TCTGAAATATTGAAGAAGCAATTGG,GGTCTACGTATTCCCGATGATCATT,1
pvmrp2_9,PvP01_14_v1,2054003,2054324,321,pvmrp2,AMPL4340065,ACAGGATGACAAAATAACTCTTCAC,TACTTTGTCCTTCTACCATGTGTGT,1
pvmrp2_10,PvP01_14_v1,2054296,2054621,325,pvmrp2,AMPL4340177,CAAGAACGACCTCAAGTACCAGAAG,AAGCCCAGCTGAAGGATAACTATAT,1
pvmrp2_11,PvP01_14_v1,2054606,2054933,327,pvmrp2,AMPL4339891,CAACCAGAACATCTGGCACAGCTTT,GAGCTGAAGAGCACCTACTCGTGCC,1
pvmrp2_12,PvP01_14_v1,2054906,2055180,274,pvmrp2,AMPL4339777,GTGGAAGCAACAACGATGTGATTAT,CAGTACGACGTGCAGATCTACCGCC,1
pvmrp2_13,PvP01_14_v1,2055092,2055416,324,pvmrp2,AMPL4340079,GAAGCTCTTCGTAAAAGGAGGAGAT,TCTTATTTGTACCTCCTGGATGACC,1
pvmrp2_14,PvP01_14_v1,2055353,2055681,328,pvmrp2,AMPL4339742,AGAGGAAGGACCTAAGGTACGTGAA,CTGCACGACGTAGATAATTCGACCA,1
pvmrp2_15,PvP01_14_v1,2055529,2055859,330,pvmrp2,AMPL4339508,GGCAGCTGCTACGTGAAAAGCTTCG,GGTTGTTCAAAACGGCTAGCTCCCT,1
pvmrp2_16,PvP01_14_v1,2055790,2056109,319,pvmrp2,AMPL4339729,GGTAATTTTGAAGCTGAGCGGGTGT,TACTCTTTGGAAACAGATTCGACCC,1
pvmrp2_17,PvP01_14_v1,2056003,2056298,295,pvmrp2,AMPL4339513,GGGGGCCCTCATCAAGTCGATTTTT,TGCTGAAGAACGTCAACCTGACGCT,1
pvmrp2_18,PvP01_14_v1,2056234,2056561,327,pvmrp2,AMPL4340141,TCAATCATCACTCCTCTATTCGTTT,GCAGTAACAGGACCCACTACGGCGC,1
pvmrp2_19,PvP01_14_v1,2056515,2056837,322,pvmrp2,AMPL4339761,AAGATAAAGCACCTCAAGTGTAGGG,TAACCTACTCGAGGGGACCATCAAC,1
pvmrp2_20,PvP01_14_v1,2056826,2057148,322,pvmrp2,AMPL4340031,GGGAAATTGTCCAGAGGGAAGAATC,AGTAACATGCATCACATCCTTAAGG,1
pvmrp2_21,PvP01_14_v1,2057110,2057435,325,pvmrp2,AMPL4339935,GCTATGCAGCTTCCCTTATCCTGAG,CGGAAGGAGACAAGGAAGAGAGCGA,1
pvmrp2_22,PvP01_14_v1,2057374,2057701,327,pvmrp2,AMPL4339706,TATGTGATTCATACCCTCTTCCTCA,GAGATCACCACGATGTGCAGGTGGA,1
pvmrp2_23,PvP01_14_v1,2057615,2057947,332,pvmrp2,AMPL4340054,ATAGAGGAAGATGCCGCGATAGAGT,GAATTGGCATTCGGCTTCATCCTAG,1
pvmrp2_24,PvP01_14_v1,2057878,2058196,318,pvmrp2,AMPL4339868,GCGTTACAGCGCTTCATCGCTACAG,CACAGAATAACCCAAGTGAACGACC,1
PvP01_01_v1_121166,PvP01_01_v1,121120,121446,326,PvP01_01_v1_121166,AMPL4340125,GTTCCTCAGACTCTCCATATTGTCC,GTATTCTCATCCCAGATACGTGCAC,1
PvP01_01_v1_164620,PvP01_01_v1,164325,164650,325,PvP01_01_v1_164620,AMPL4340077,AATTTGAACGGTAAGACGTTTTTAG,CATTTTGGCGAACGAGGTAGAGAAC,1
PvP01_01_v1_671781,PvP01_01_v1,671599,671928,329,PvP01_01_v1_671781,AMPL4339537,ATCCCATATGCAATACGGAACTCCA,AGATAATATTTGTGGCGACACGCAT,1
PvP01_02_v1_198112,PvP01_02_v1,197944,198259,315,PvP01_02_v1_198112,AMPL4339989,GCTAGCACTCATTGGTCTGCATCTG,GTTTTTGATGCGCTAGCCATGGCCT,1
PvP01_02_v1_373744,PvP01_02_v1,373468,373796,328,PvP01_02_v1_373744,AMPL4339801,GACGATGTCGAACAGTCGGTTCTCC,GGTACGCGGCCAACAGTATACCCAA,1
PvP01_02_v1_594798,PvP01_02_v1,594651,594975,324,PvP01_02_v1_594798,AMPL4339759,ACAACGTGAAGGAGAAAATTCGAGT,CGAAGAAATCACAGAGACGTACTTC,1
PvP01_03_v1_127847,PvP01_03_v1,127832,128135,303,PvP01_03_v1_127847,AMPL4339542,CCCTCTGCAGTAGGAACTTCTCGAA,GCTATCCATAAAACGCCCTTCTTTT,1
PvP01_03_v1_334738,PvP01_03_v1,334581,334905,324,PvP01_03_v1_334738,AMPL4339674,GTAGGTGTGCTTCCTTTACTCTGAT,GGTAAACATGTGTCAACAGTTCATC,1
PvP01_03_v1_782122,PvP01_03_v1,782109,782432,323,PvP01_03_v1_782122,AMPL4339800,ATGCGATGGTATCACCCCAGGACGA,CTGAGGAGCCTCAAAGAAAACCAAT,1
PvP01_04_v1_421012,PvP01_04_v1,420827,421155,328,PvP01_04_v1_421012,AMPL4340043,AGTCCTCCATAACGGTGAACTCGTT,AGGTCCCAAGTTGTAGTCATCTGTG,1
PvP01_04_v1_514934,PvP01_04_v1,514823,515147,324,PvP01_04_v1_514934,AMPL4340010,GCTTCTTCTCCTTCACGGAGTTCAC,CTGAATTATGTTTACCACGATGGTG,1
PvP01_04_v1_885624,PvP01_04_v1,885372,885697,325,PvP01_04_v1_885624,AMPL4339667,CTCCTTTCTTTGTAGCAATTTTTGA,TCTTCGCATGGGAGTAAAGAGGGGG,1
PvP01_05_v1_1079460_1079461,PvP01_05_v1,1079319,1079539,220,PvP01_05_v1_1079460_1079461,AMPL4347626,GGGAATTGTCTTAAAGCTCCCTCTT,GCAATAACACTTCGCTAGCTAGCTA,1
PvP01_05_v1_192482,PvP01_05_v1,192353,192680,327,PvP01_05_v1_192482,AMPL4339502,CCTTCTGATGTTTGGATGGGTGGTC,GGTACTATATGGGGAGCTTTCCAGT,1
PvP01_05_v1_452277,PvP01_05_v1,451975,452280,305,PvP01_05_v1_452277,AMPL4339643,AACAACGTTGCTAAATTGTAATTCG,GAAGAAGCATGAAATAAACGCAGCT,1
PvP01_05_v1_701523,PvP01_05_v1,701363,701690,327,PvP01_05_v1_701523,AMPL4339850,CGCAAACTGGGCGTTTCCGTAAAAG,AGTTGGTTAGGAGAGATGCATAAAC,1
PVP01_0516600,PvP01_05_v1,693386,693708,322,PVP01_0516600,AMPL4347655,CTTGTTCAAATTTTCATCCCCTTGG,TGTTGATCGTTTCCTCGTCAATTTT,1
PVP01_0530500,PvP01_05_v1,1285062,1285380,318,PVP01_0530500,AMPL4347636,AAATTGCCATAAAATGAACCCCACT,AATTACCCGGCAACACCAACTTCGT,1
PvP01_06_v1_278171,PvP01_06_v1,278016,278338,322,PvP01_06_v1_278171,AMPL4339861,AGAAGATATACCCCACCTTCCTCAA,GATTACATCATTTCGATGGAGCTCA,1
PvP01_06_v1_45794,PvP01_06_v1,45733,46061,328,PvP01_06_v1_45794,AMPL4339715,AATCCCCTACTCCAAACGGGTCGAT,TAAGTCATCTCCCAAGTCACCTTTA,1
PvP01_06_v1_944771,PvP01_06_v1,944634,944957,323,PvP01_06_v1_944771,AMPL4340157,TACACGCCCTTTTCACACAAATTAA,GTATTACCTGCACGTGTATGCATTT,1
PvP01_07_v1_1020470,PvP01_07_v1,1020359,1020683,324,PvP01_07_v1_1020470,AMPL4339654,TTTACAGACTGCTCTACTTTCTGGT,GAAAAATTGCGACTTGATAGGGGTC,1
PvP01_07_v1_1211093,PvP01_07_v1,1210982,1211301,319,PvP01_07_v1_1211093,AMPL4340063,TGATGCTGATGTATATGTATTTGAG,TCTTCATAGATTTCCATCAACGAGT,1
PvP01_07_v1_595235_595236,PvP01_07_v1,595121,595445,324,PvP01_07_v1_595235_595236,AMPL4347649,GGATATCCATACAGCGACATATGTG,GTCAAGGTGAATCCCACCAAAGTTA,1
PvP01_07_v1_754506,PvP01_07_v1,754446,754775,329,PvP01_07_v1_754506,AMPL4339613,TCCCCTTCTTGCTTCGAACAAAGCG,AAGAGGGTCCACTCACAACTGATAT,1
PvP01_08_v1_1591244,PvP01_08_v1,1590968,1591291,323,PvP01_08_v1_1591244,AMPL4340083,GCAAACGAGAAGATAGACCCTTTTG,CCCTTCTACGCATATGTATCAGTTT,1
PvP01_08_v1_45083,PvP01_08_v1,44930,45091,161,PvP01_08_v1_45083,AMPL4338615,CATAAATTTATATCGCACAATGCGT,GGTACATTATTTTCCAGTTTGTATG,1
PvP01_08_v1_53327,PvP01_08_v1,53195,53514,319,PvP01_08_v1_53327,AMPL4339749,CAATAACTGAACACGCAAAAGAGTG,ATTTGGTATGTGGTGAAAGAAGCAA,1
PvP01_08_v1_879061_879062,PvP01_08_v1,878901,879225,324,PvP01_08_v1_879061_879062,AMPL4347642,CTCCTACACCCCTACACAAACATTC,CAGTTGGAGAGGCATATACAGACAG,1
PVP01_0809900,PvP01_08_v1,442285,442612,327,PVP01_0809900,AMPL4347630,AAAGGAGATCAGCCTGATTGACAAC,GATGACCTCCACTTTGTGAATTGCG,1
PVP01_0833200,PvP01_08_v1,1420967,1421291,324,PVP01_0833200,AMPL4347632,CTCTTCTGTTTTTATGTTTCTCCCT,TGACTTGCCCGGAGTGAAATTCAAG,1
PvP01_09_v1_1070402,PvP01_09_v1,1070335,1070662,327,PvP01_09_v1_1070402,AMPL4340172,ACTTCGCTTCTAAGATAATACTGCT,CTATACGCGCTGGGGGAATTATTCT,1
PvP01_09_v1_1838632,PvP01_09_v1,1838486,1838812,326,PvP01_09_v1_1838632,AMPL4339757,AGGAGATCTACTACTACTGCGTCAA,TGAGAAACAACTCGGTGAGCTATTA,1
PvP01_09_v1_539410,PvP01_09_v1,539199,539524,325,PvP01_09_v1_539410,AMPL4340060,TCCAAGCCCGTGGAGTCGAAATATG,AAACATTTCGTCCTCATGACGATTA,1
PVP01_0908400,PvP01_09_v1,448658,448978,320,PVP01_0908400,AMPL4347646,GAGAAAAAGGAAAAACTTCAATCCG,ACGAGAAAAGAAAACGAAATTGAAA,1
PVP01_0924700,PvP01_09_v1,1101045,1101353,308,PVP01_0924700,AMPL4347633,AGCCACTCGCTGTTATCCTCCTTCG,CTGTTTGACATACGGGTTCCTCGGA,1
PvP01_10_v1_1385673,PvP01_10_v1,1385634,1385960,326,PvP01_10_v1_1385673,AMPL4339646,CCTAACTGCCTGTTTGTGCCTACAT,ACCGACTCGCCTTACATATAACTTC,1
PvP01_10_v1_351755,PvP01_10_v1,351609,351936,327,PvP01_10_v1_351755,AMPL4339987,GTAGTGTGTCCTACCATTAAACTCG,ATGAACCGGTTCAGCACTATGTCCC,1
PvP01_10_v1_483567_483568,PvP01_10_v1,483513,483836,323,PvP01_10_v1_483567_483568,AMPL4347652,TATCGCATTTTTGTGTGCATATGGA,TGAGAACAGAACGCTTTTAAAGTCG,1
PvP01_10_v1_523718,PvP01_10_v1,523552,523876,324,PvP01_10_v1_523718,AMPL4339685,TGCCCCCTACCTTGCGATAACAATT,TCGTTCATAAGTATAAGCAAATGGA,1
PvP01_11_v1_1137409_1137410,PvP01_11_v1,1137154,1137482,328,PvP01_11_v1_1137409_1137410,AMPL4347643,TTTGTGAAAACGATCGCAGAATGAT,GAGTTAAAGATAACCGCGTGGGAAA,1
PvP01_11_v1_1145363,PvP01_11_v1,1145107,1145430,323,PvP01_11_v1_1145363,AMPL4339598,CGGTAGTTATCGGCAGCTATCGATG,CAGTTTAGCGATAAAAAGACATGTA,1
PvP01_11_v1_245834,PvP01_11_v1,245545,245867,322,PvP01_11_v1_245834,AMPL4340030,CGGAGGGAAGATACCATAATTGAGA,AGAGGCTAATCAAATCGACTACATT,1
PvP01_11_v1_720439,PvP01_11_v1,720133,720439,306,PvP01_11_v1_720439,AMPL4340156,CACCTCTCTAGAAAAATATGCACTC,AGGAGGTAGATACAGAAAAAGGGGA,1
PVP01_1109600,PvP01_11_v1,383879,384206,327,PVP01_1109600,AMPL4347656,AAGTGGAATGTCATAAGATGGCTCA,GGTAGATTACAAGTGGACCGATCCT,1
PVP01_1112200,PvP01_11_v1,503806,504133,327,PVP01_1112200,AMPL4347635,TGTGCAAATTGCTCAGCTTTACAAC,ATGCTGCTTAAAAAGAGGGACGAGA,1
PVP01_1133700,PvP01_11_v1,1448738,1449062,324,PVP01_1133700,AMPL4347625,TTCCCCATTGTGGACCATCAAATTG,TCATTCGTGTTCCACTGGAAAATTT,1
PVP01_1144100,PvP01_11_v1,1867852,1868180,328,PVP01_1144100,AMPL4347644,GACCCTTTTAATCTGCACAACACAT,CGATATGCCGTGCACCTGTAAAGAT,1
PvP01_12_v1_1844936,PvP01_12_v1,1844773,1845096,323,PvP01_12_v1_1844936,AMPL4339578,CTTCAGAACCTTTATGTCGTTATCG,TAACTTTTCTGCACTTTTGGAGAGC,1
PvP01_12_v1_844166,PvP01_12_v1,844106,844430,324,PvP01_12_v1_844166,AMPL4339835,TCCTTGGATATGTTGAGCCCGAGTA,TGTTCCTCCTACTTAAATTAAAGTC,1
PvP01_12_v1_94291,PvP01_12_v1,94251,94573,322,PvP01_12_v1_94291,AMPL4339745,TGGAGAATGAGGAAAGGGACACATA,CGCATGTTGTGATTTGTAATTTGTC,1
PVP01_1227900,PvP01_12_v1,1116221,1116544,323,PVP01_1227900,AMPL4347654,TCTAAAGAAATCGGTGGCACAAACC,CTGCACATGTTTGGTCAATTCTAAT,1
PVP01_1235200,PvP01_12_v1,1400006,1400335,329,PVP01_1235200,AMPL4347651,CACCCAAATGGAGACTCAAATGTTC,GCGATGCTGAACGTGTTGAAAATAA,1
PVP01_1236900,PvP01_12_v1,1462978,1463300,322,PVP01_1236900,AMPL4347641,AAAGCAAAATGAAAAATGCCTCGTG,CGCAAAAATTGAACAAAGTCGTACG,1
PVP01_1249000,PvP01_12_v1,1988181,1988504,323,PVP01_1249000,AMPL4347638,CAACGGAGGTAGTGACGATATTAGT,GGATGATGAACAGTTGGGAGAATCT,1
PvP01_13_v1_162821,PvP01_13_v1,162629,162913,284,PvP01_13_v1_162821,AMPL4340078,TTTTTCGGAGCTTGTTTACGTACGA,ATTGGGAAACAGCGTCCCTATTTTT,1
PvP01_13_v1_1770129,PvP01_13_v1,1769965,1770289,324,PvP01_13_v1_1770129,AMPL4339701,TCCCTTTTTGTTAGTGTCCTCCATG,ACCTTCTGCCTACTGAACTTCTTAT,1
PvP01_13_v1_659592,PvP01_13_v1,659361,659691,330,PvP01_13_v1_659592,AMPL4340180,GGCTAACTTCAAAGGGACGAAACTC,CAAATCGCGAAGTGGCCAATTGGGC,1
PVP01_1301600,PvP01_13_v1,65981,66304,323,PVP01_1301600,AMPL4347634,TGATGATTTTATTTTTGCTGACGCT,GGTAGTACAGCTCGTCCATGATTTC,1
PvP01_14_v1_1258543_1258544,PvP01_14_v1,1258494,1258818,324,PvP01_14_v1_1258543_1258544,AMPL4347639,TGCCCCACGATATGCTATGTTTATG,TGGGAGCGAAAAATATAGGCACAAT,1
PvP01_14_v1_1266325_1266326,PvP01_14_v1,1266125,1266440,315,PvP01_14_v1_1266325_1266326,AMPL4347629,ATCCATCTGAATGCGTACGCAGAAA,GAATGTGTACCTGTGCAGAGGTAAA,1
PvP01_14_v1_1911110,PvP01_14_v1,1910971,1911297,326,PvP01_14_v1_1911110,AMPL4339775,TCCCGTGTGGACTTCACCTCTGATC,TAAGGCGGTTGGTATGGAAGCGCTG,1
PvP01_14_v1_3004298,PvP01_14_v1,3004151,3004474,323,PvP01_14_v1_3004298,AMPL4340171,GAACCTGTAGAAGGTGAAGAAGTCG,CCAACAACATTCGTTGAAACTGTAG,1
PvP01_14_v1_743338,PvP01_14_v1,743252,743582,330,PvP01_14_v1_743338,AMPL4339821,ACACGTGCGTCCGAGGTTAACTTAG,CGAGTATACGTTACAGTGGGTGCGC,1
PVP01_1427200,PvP01_14_v1,1160566,1160887,321,PVP01_1427200,AMPL4347640,TTAAAGGAGTAGTGCTTAGTGTTGC,CAAAATACCACCACTTGGTGTTTAT,1
PVP01_1428700,PvP01_14_v1,1229330,1229655,325,PVP01_1428700,AMPL4347631,CGCCTTTTCCTTAGCTTCCTTATCC,GTTTCTCTGGAATGATAAAGCAGGC,1
pvp13k_1,PvP01_10_v1,826080,826409,329,pvp13k,AMPL4340168,TTGGCATATAAATACCTGCGCTACC,AATTTTCTCACGCGGAAAGCAGCTC,1
pvp13k_2,PvP01_10_v1,826313,826633,320,pvp13k,AMPL4339903,GTGCAGGCTACAGTGTCATCACGTA,AAAAGTTCCGGCTGGACTTAAACGA,1
pvp13k_3,PvP01_10_v1,826609,826933,324,pvp13k,AMPL4339627,AAAGGTACATTTACAAAGCGGGAGA,CTTGGACAATCTCATGGTTTCACGA,1
pvp13k_4,PvP01_10_v1,826884,827212,328,pvp13k,AMPL4339827,CTTCTGATTTTGAGCGGCACTACAG,AACATATGGAAGCGATACGGACTGG,1
pvp13k_5,PvP01_10_v1,827183,827504,321,pvp13k,AMPL4339661,AAGCAGAAGATTAAGAAAATACGAG,TCTACAATGGAAGGAAGGTGGAGAG,1
pvp13k_6,PvP01_10_v1,827459,827787,328,pvp13k,AMPL4340035,GGCGGACGCCTACTGCTTCCAGTAC,TCCTACCTGAACAGTCATACGTTTT,1
pvp13k_7,PvP01_10_v1,827715,828038,323,pvp13k,AMPL4339798,TCCGACAGCGAGGTCTACGACTTTG,GAGGACAGCAAAACGGTCAACTACA,1
pvp13k_8,PvP01_10_v1,827866,828194,328,pvp13k,AMPL4339811,TTCAGGAATCAGCTGCTGTACCTTA,GCGTAACTCCGTGTACTACCTGAAC,1
pvp13k_9,PvP01_10_v1,828131,828456,325,pvp13k,AMPL4339984,ATATTTGTTCCAACTGGTTCAGAGC,TCTTTTGCTACCGCCAGAACTACGG,1
pvp13k_10,PvP01_10_v1,828444,828773,329,pvp13k,AMPL4340126,CCAGCGATGGAGGAAATAAAAACGA,AATCACGAGCCGATTGACAGTCTCT,1
pvp13k_11,PvP01_10_v1,828758,829087,329,pvp13k,AMPL4339660,GGGCCTTCCTGAAAAGGGTGAAGCG,ACACACCAGTGATTAAGCTAAGTGA,1
pvp13k_12,PvP01_10_v1,828938,829246,308,pvp13k,AMPL4340000,GAAGAAATGAAGTGGGACGCGATGA,TATTCGAGCACATGAACCGGTACGC,1
pvp13k_13,PvP01_10_v1,829235,829566,331,pvp13k,AMPL4339783,TATGACCAGTCAGGTGAAACGATTG,ATCGGGTGGGAAGCGATCTCGGGGA,1
pvp13k_14,PvP01_10_v1,829551,829880,329,pvp13k,AMPL4340145,TTGATATGCCCCATAGAAGGAGGAC,CGGTACGAAGGGGAGTTGTTTTGCG,1
pvp13k_15,PvP01_10_v1,829823,830153,330,pvp13k,AMPL4339530,AAAAAGCTTTTTCATCTCGGGAGGA,GCATTGAACGTTACGTACGCTCGGT,1
pvp13k_16,PvP01_10_v1,830025,830353,328,pvp13k,AMPL4339705,GAAACAGAAAATCCGAGGCGATACG,CGTGATTTGTTGTGTTTGTACCGTT,1
pvp13k_17,PvP01_10_v1,830324,830641,317,pvp13k,AMPL4339686,CGCGGAAAAGTTGCGGTGATAGGAT,TCAGCTACCCTATTAGGCACTCCCA,1
pvp13k_18,PvP01_10_v1,830525,830845,320,pvp13k,AMPL4339785,AGGAGAAAATCCCGAGGGACGAATT,CGTTTTGTGAAAAGCCAGTGGGGGG,1
pvp13k_19,PvP01_10_v1,830734,831060,326,pvp13k,AMPL4339588,GAAGAAGAAGCACCTGATGAGCGTT,CGACTGTATGAACCGCTTTAACCAT,1
pvp13k_20,PvP01_10_v1,830935,831263,328,pvp13k,AMPL4339730,GGTGAGGAAGCTAACGGAGCTAACC,GTTGAATCGCAAAAGGAGAGAAGCT,1
pvp13k_21,PvP01_10_v1,831231,831521,290,pvp13k,AMPL4340091,AGGTGAGCAGTTACCAAAGGGTACA,AACGAAGCTGACTCCTCAAACGCCG,1
RPT4,PvP01_14_v1,344814,345140,326,RPT4,AMPL4347650,GAAATTCAAAGAACGCTCATGGAGT,AAGGCCGCTCGAAAGATTAATGAGG,1
SEC27,PvP01_07_v1,260890,261212,322,SEC27,AMPL4347648,AACAATGGATTTTATGTGCAGGTGA,ACCTTAACAGGTCATACAAAAGGGG,1
SET9,PvP01_10_v1,1130890,1131215,325,SET9,AMPL4347627,CTGTTCAAAAATATGCAGTACGTTG,CCATTCTTATGAGCGGAAAAACGAA,1
SNF2L,PvP01_09_v1,303127,303447,320,SNF2L,AMPL4347645,GCGGAGAAGAGAACTATGGAAATTG,TTCCTCGATTTAGGAGAAAGAAAAA,1
PvP01_01_v1_491892,PvP01_01_v1,491798,492152,354,PvP01_01_v1_491892,AMPL4591735,GGCAAAGGAGACCTCCCAGAATATG,CCCTTCTGATGCAAACCTCTTTTTT,0
PvP01_01_v1_642154,PvP01_01_v1,641964,642343,379,PvP01_01_v1_642154,AMPL4591767,CACGGGTGTCTTTCAAGACGACCAT,GTGCAGACGATTTAGCTGTTTGCAT,0
PvP01_01_v1_856459,PvP01_01_v1,856267,856646,379,PvP01_01_v1_856459,AMPL4591768,CTCACACTATCAGCTTCAGCTGTGT,AGGATGTACAAATACGGGATGGCTA,0
PvP01_02_v1_446232,PvP01_02_v1,446058,446430,372,PvP01_02_v1_446232,AMPL4591773,CGTTGCATATTGATGTAGAGAGCTG,GGGAAGTGGTAGGACGCAAAAAAAA,0
PvP01_02_v1_560561,PvP01_02_v1,560339,560711,372,PvP01_02_v1_560561,AMPL4591753,TGATTACGCATTTGTTTGTTTTGTG,TTCTAGTCAAAATGGGAAAGTCCCA,0
PvP01_03_v1_114702,PvP01_03_v1,114441,114810,369,PvP01_03_v1_114702,AMPL4591743,TATGGGTTACTTTCAATTCGGAAAT,GGTCACTTCTACTACCACTGCTATA,0
PvP01_03_v1_556656,PvP01_03_v1,556425,556798,373,PvP01_03_v1_556656,AMPL4591766,CGTTCTGCACGTTCAGGTAGACTAG,CGTCTTACTGAGGAATTATTTCGTT,0
PvP01_04_v1_268128,PvP01_04_v1,267921,268296,375,PvP01_04_v1_268128,AMPL4591751,CTGTTATAACGGTAGCTCTCTAACT,TCCTTTTCGCCACTTCACATTGATA,0
PvP01_04_v1_310483,PvP01_04_v1,310319,310695,376,PvP01_04_v1_310483,AMPL4591764,AACTTGGCAAACTTGACAAACATGA,CCGTTTATGTATACATGTGCGTGTT,0
PvP01_04_v1_760567,PvP01_04_v1,760533,760839,306,PvP01_04_v1_760567,AMPL4591770,CCGCCGCTTAAACCGCCGCTTGAAT,CTGCACATAAAGCGAGTTCGAAAAA,0
PvP01_05_v1_348599,PvP01_05_v1,348292,348661,369,PvP01_05_v1_348599,AMPL4591736,TTTTTATTTGCGTTCTCATTTTGGC,CGTCTAGGGGTGTTAATTAAGTATC,0
PvP01_05_v1_526292,PvP01_05_v1,526176,526334,158,PvP01_05_v1_526292,AMPL4591748,AAGCACGCATGTATGTACACACGTA,AACGCGAAAATGTGAAGAAAAAGGA,0
PvP01_05_v1_1389200,PvP01_05_v1,1388960,1389331,371,PvP01_05_v1_1389200,AMPL4591749,CTTTTCGGTAACGTTCCTTCAATTC,GGCAATAAATGCGGTAAATTGGTAC,0
PvP01_06_v1_448117,PvP01_06_v1,447916,448298,382,PvP01_06_v1_448117,AMPL4591761,AGCTGGTGTAGTTCGGGTAGTCCTG,CAGCACTCCTCAAATGGGACCACGA,0
PvP01_06_v1_590839,PvP01_06_v1,590674,591051,377,PvP01_06_v1_590839,AMPL4591772,CTTTTCTGAAGATCGAAAGCACAGA,TGAGTACGTTTGGTGGAGCTGGCTT,0
PvP01_06_v1_828443,PvP01_06_v1,828267,828639,372,PvP01_06_v1_828443,AMPL4591737,TAATTACCACACAAGCGGAAATAGA,AACAAAATGGAGCAACCAAATGGAG,0
PvP01_07_v1_96155,PvP01_07_v1,96002,96201,199,PvP01_07_v1_96155,AMPL4591755,TCGCAAAATATATTCATAGCAACCG,CCCTATCTCTTGTACAGTTCGTTTA,0
PvP01_07_v1_273907,PvP01_07_v1,273707,274084,377,PvP01_07_v1_273907,AMPL4591744,CGCTTGGCATGATGTAGCGGATGTG,GGAGTAAACTGTAGGCACATAATTG,0
PvP01_07_v1_959564,PvP01_07_v1,959449,959829,380,PvP01_07_v1_959564,AMPL4591738,CCATTTGATTGCCTCCCCCATCTTC,ACGAACTGCTGAAGTGGATGGGGGA,0
PvP01_07_v1_1420306,PvP01_07_v1,1420148,1420525,377,PvP01_07_v1_1420306,AMPL4591760,ACGTCCTGCTCGAAAAGGTACTTCT,ATTGGACCTTCCAAAAATGCATGCA,0
PvP01_08_v1_203155,PvP01_08_v1,202976,203356,380,PvP01_08_v1_203155,AMPL4591774,GAGGAGAGTTGGGAAGAACATAGGG,TGGTGGCATAATGATGCAGGAACAG,0
PvP01_08_v1_1062973,PvP01_08_v1,1062862,1063238,376,PvP01_08_v1_1062973,AMPL4591762,ATAATGAAATTCCCCCAATGTTACG,AGAAGTAAAACGGCACACGTGGCTA,0
PvP01_08_v1_1584557,PvP01_08_v1,1584336,1584711,375,PvP01_08_v1_1584557,AMPL4591775,GGAAATCTTACGAGCGGCTTACCAA,ATTTTTAAACGCAATTCCAAAACGA,0
PvP01_09_v1_295024,PvP01_09_v1,294883,295265,382,PvP01_09_v1_295024,AMPL4591747,AGCACTTCATGCGAGTGGACGAATC,CGATGCAGGCGGTCAGATATTATCG,0
PvP01_09_v1_776023,PvP01_09_v1,775791,776172,381,PvP01_09_v1_776023,AMPL4591754,TTTAGCGATTCTGGTCAGTTAACCG,GAACCGCTCAGCAAGAAGAACCTAC,0
PvP01_09_v1_811181,PvP01_09_v1,810986,811363,377,PvP01_09_v1_811181,AMPL4591739,TCTGCGTAGTTGCTTAGTTTGAACC,TGTGCATGCAATTTGCTTCATTCAG,0
PvP01_10_v1_183419,PvP01_10_v1,183230,183610,380,PvP01_10_v1_183419,AMPL4591741,AAAAAAGACCCCTCAGAAGTGAGTC,TCAGAGTGTGGACCCGTTTTTTCGA,0
PvP01_10_v1_569233,PvP01_10_v1,569203,569577,374,PvP01_10_v1_569233,AMPL4591769,ATCTACGCATGTAAGTGGAAGAAGG,AAACGGTTACATTTGGACGTTCAAA,0
PvP01_10_v1_1409490,PvP01_10_v1,1409348,1409726,378,PvP01_10_v1_1409490,AMPL4591750,GTTGACAAGAATGAGGAGGAGCAGA,GACAGCGAAATTCTGGACACACCAA,0
PvP01_11_v1_251753,PvP01_11_v1,251563,251944,381,PvP01_11_v1_251753,AMPL4591756,TATAGTGTACTGTACGCAGAAGGGT,AAGCGAAAGTATGACCTTTGCGTGA,0
PvP01_11_v1_326984,PvP01_11_v1,326805,327184,379,PvP01_11_v1_326984,AMPL4591765,ACTCCAGTGAGCCACTCCAGTGAAC,CTCGGAGTTATGCATCAAATAGCCG,0
PvP01_11_v1_1898201,PvP01_11_v1,1898011,1898388,377,PvP01_11_v1_1898201,AMPL4591759,TGTTCTCTCCATTTGGCAATTTTCG,CCCATCCTACTCACCACTTTGCACA,0
PvP01_12_v1_381435,PvP01_12_v1,381128,381505,377,PvP01_12_v1_381435,AMPL4591758,TGCAGTTGTGATGTTCCTAATGACA,AAGTTTGTTTGTACGCATGCGAAAA,0
PvP01_12_v1_976909,PvP01_12_v1,976598,976980,382,PvP01_12_v1_976909,AMPL4591740,TGCGTCGTCCCATGCGAGCATAAAG,AATCCTGAAGCTGTGCAACCTGCGG,0
PvP01_12_v1_1431548,PvP01_12_v1,1431447,1431817,370,PvP01_12_v1_1431548,AMPL4591757,GGACGGTATACAAACGAATGTACTT,GCAAATTTGACTGAAATCATTCTGT,0
PvP01_13_v1_32509,PvP01_13_v1,32300,32679,379,PvP01_13_v1_32509,AMPL4591742,AAGAATGATGTGCACATGCATGCAA,AGCAGCAAAATAACAGAACAGCTGA,0
PvP01_13_v1_1351644,PvP01_13_v1,1351589,1351963,374,PvP01_13_v1_1351644,AMPL4591746,ACCCGTTCATGTCGGATGTAAAAAT,GCAGATGATCAAAATGGATTGCTTC,0
PvP01_13_v1_1736418,PvP01_13_v1,1736208,1736587,379,PvP01_13_v1_1736418,AMPL4591763,AAGGGGTAAAGAGTCAGCGGCTAAG,TGGGACGCGTTAACATAATCTGCCA,0
PvP01_14_v1_816546,PvP01_14_v1,816493,816866,373,PvP01_14_v1_816546,AMPL4591771,GCATACGTTTTCATGACCCCTGTCG,AACGACGCGCATATAATTGATAAAA,0
PvP01_14_v1_1385718,PvP01_14_v1,1385536,1385917,381,PvP01_14_v1_1385718,AMPL4591752,GTTTGCGAAGGCTGTATTCGCAATT,TGAGTTCCCACTTCGCATATCCTCT,0
PvP01_14_v1_2841138,PvP01_14_v1,2840921,2841297,376,PvP01_14_v1_2841138,AMPL4591745,CACCGCTAATCGCTTCCCGCTAATC,AACCTGTCTGATACTCTCATTATGC,0
