"","Target_AGRF","Target.name","forward","reverse","chrom","target_start","target_end","gene_start_v2","gene_end_v2","gene_strand_v2","gene_id","gene_name","gene_start_v1","gene_end_v1","gene_strand_v1","gene_length_v1","gene_length_v2","target_start_v1","target_end_v1"
"1","PvP01_11_v2_1153666_1153850_296123","296123","/rhSeq-f/ATG TGA CGT CTC TCC ACC rCCC CT/GT2/","/rhSeq-r/CTA CAT CCA NCA TAC TCT GCrA GGT A/GT1/","PvP01_11_v2",1153666,1153850,1148301,1154759,"+","PVP01_1126400","NAB2",1149615,1154267,"+",4652,6458,1153666,1153850
"2","PvP01_12_v2_324220_324242_322153","322153","/rhSeq-f/CTG GTG AAG GTG AAG GAA AAT GAA ArCT ATT /GT3/","/rhSeq-r/CCA TCT ATG TTT TCC GTT TTC TGC rGTC TT/GT3/","PvP01_12_v2",324220,324242,323002,326533,"+","PVP01_1208000","P47",323534,324835,"+",1301,3531,324220,324242
"3","PvP01_11_v2_75770_75798_274564","274564","/rhSeq-f/CCA ATT TAT GGT AGA GGA TTA GTA TCrA CTT G/GT3/","/rhSeq-r/CTT TAC TAA TTT CAG TTA TGT ATA ATG CCrC ATT G/GT1/","PvP01_11_v2",75770,75798,74742,75829,"+","PVP01_1101500","PVP01_1101500",74742,75829,"+",1087,1087,75770,75798
"4","PvP01_01_v2_612225_612348_12243","12243","/rhSeq-f/ACC TGG AAA CTC CCT TGT TrGC AAT /GT2/","/rhSeq-r/ATA CGA ATT CGC ATC AGA CGrG AGA G/GT4/","PvP01_01_v2",612225,612348,611146,613957,"-","PVP01_0113700","PTP2",611518,612924,"-",1406,2811,612225,612348
"5","PvP01_01_v2_483735_483883_9674","9674","/rhSeq-f/TCC AAA CTN AGC TCC TTG ATrG TTG T/GT3/","/rhSeq-r/CAA CTT TGG CAT CCT CTA TAA CArC GGA T/GT1/","PvP01_01_v2",483735,483883,480371,490799,"-","PVP01_0110300","PVP01_0110300",482039,489390,"-",7351,10428,483735,483883
"6","PvP01_04_v2_500160_500273_67489","67489","/rhSeq-f/CAT GAG GTA GTA GCT CTT CGA rCGA GT/GT1/","/rhSeq-r/GCT TCC CCA TGG AGG GrCC TCC /GT3/","PvP01_04_v2",500160,500273,490778,502937,"-","PVP01_0412400","NUP434",491055,502361,"-",11306,12159,500160,500273
"7","PvP01_08_v2_1468975_1469148_191493","191493","/rhSeq-f/GAG ATC ACC AGA CCA CAG rGAG CA/GT2/","/rhSeq-r/CTG CAT TCA TGT CNT TCG AAA ArAT TGT /GT1/","PvP01_08_v2",1468975,1469148,1458065,1470552,"+","PVP01_0834700","PVP01_0834700",1458499,1469601,"+",11102,12487,1468975,1469148
"8","PvP01_10_v2_1271498_1271644_267505","267505","/rhSeq-f/GCT AAT GTC TCT ACT AAC GTC TCT rACT AA/GT3/","/rhSeq-r/CAC GCA GGA GGC AAA NTA TrCA TTT /GT2/","PvP01_10_v2",1271498,1271644,1266917,1274590,"-","PVP01_1029300","CEP120",1269112,1274031,"-",4919,7673,1271498,1271644
"9","PvP01_07_v2_1218911_1219036_153449","153449","/rhSeq-f/GAG ATT TTG CTG AAG TAC TAT AAG GrCA CGA /GT2/","/rhSeq-r/GAT AAT TTC CTT CAG CTC TGT CAA rGAC GT/GT2/","PvP01_07_v2",1218911,1219036,1215432,1220636,"+","PVP01_0728900","MSP1",1215432,1220636,"+",5204,5204,1218911,1219036
"10","PvP01_09_v2_2150871_2150956_240353","240353","/rhSeq-f/CTT CTG AAT TTT TCA TAA ATT CAT CCC rATT GC/GT1/","/rhSeq-r/GAG ATG GTT TAC CTT CAC TTC TrCA ACC /GT4/","PvP01_09_v2",2150871,2150956,2149356,2151536,"-","PVP01_0948800","TRAG16",2150027,2151219,"-",1192,2180,2150871,2150956
"11","PvP01_02_v2_660463_660614_33640","33640","/rhSeq-f/GCA GCG CAT GGA AAG TAT TGrC TAG A/GT3/","/rhSeq-r/TGA TCC ACT GCC TTT TGG TAG rCAT TC/GT3/","PvP01_02_v2",660463,660614,652717,668753,"+","PVP01_0215600","PVP01_0215600",653472,668753,"+",15281,16036,660463,660614
"12","PvP01_10_v2_203316_203481_246142","246142","/rhSeq-f/GCT CAC TTG GTT TCT TTT TAC CArG AAT G/GT2/","/rhSeq-r/AGG AAA GCA ACA GGG CAT rCCN AA/GT4/","PvP01_10_v2",203316,203481,202612,208104,"-","PVP01_1004100","PVP01_1004100",202612,208104,"-",5492,5492,203316,203481
"13","PvP01_12_v2_671183_671280_329094","329094","/rhSeq-f/AGT GGA ATT TGT AAA AAT ATT AAG TAT GArA GTA C/GT1/","/rhSeq-r/CTA TCA AAC ATG TCA ACG ACT GAA GrGA GAT /GT4/","PvP01_12_v2",671183,671280,667742,671883,"+","PVP01_1216000","PVP01_1216000",669817,671793,"+",1976,4141,671183,671280
"14","PvP01_07_v2_697428_697579_143020","143020","/rhSeq-f/CTC ACT CAT GGA TGG GTA CAT AGrA AAA C/GT4/","/rhSeq-r/GGG AAC CAC ATT TAC AGA TTA TCA ArAT GAG /GT2/","PvP01_07_v2",697428,697579,695261,701657,"-","PVP01_0715400","MOP",695618,701287,"-",5669,6396,697428,697579
"15","PvP01_09_v2_842507_842645_214187","214187","/rhSeq-f/TAA CCT CTT CAG CAT GAG AGT rCAT CG/GT4/","/rhSeq-r/CCA ATC GAA AGG TTG GCC ArCT TTA /GT4/","PvP01_09_v2",842507,842645,841259,843631,"+","PVP01_0919100","NOP56",841898,843631,"+",1733,2372,842507,842645
"16","PvP01_09_v2_756312_756407_212462","212462","/rhSeq-f/CAT GCC CAC GCA GGT ArCA CTC /GT4/","/rhSeq-r/CAC TCT CTN CAT GGG ATA ACT rAAA AC/GT2/","PvP01_09_v2",756312,756407,754789,756412,"-","PVP01_0916800","PDX2",754789,756412,"-",1623,1623,756312,756407
"17","PvP01_09_v2_1165616_1165689_220647","220647","/rhSeq-f/TTT GCC TCC CTA CTT GAA rGTA CG/GT2/","/rhSeq-r/CGA CAT TAA CCT GAA CAC CTrG GTC A/GT4/","PvP01_09_v2",1165616,1165689,1164486,1168032,"-","PVP01_0926400","PVP01_0926400",1164896,1167411,"-",2515,3546,1165616,1165689
"18","PvP01_14_v2_1546237_1546249_452117","452117","/rhSeq-f/ATT GGG AAA CAG GAG AAA TGT TTA TrGG GTA /GT1/","/rhSeq-r/TAA GTC GTA ACC ATC AGG TAG TTT TrAT GAA /GT1/","PvP01_14_v2",1546237,1546249,1545878,1548038,"+","PVP01_1436900","PVP01_1436900",1545878,1548038,"+",2160,2160,1546237,1546249
"19","PvP01_04_v2_361787_361899_64721","64721","/rhSeq-f/GAC CAA AGA GGA GAA AAC GArA AAA C/GT4/","/rhSeq-r/TCC TCT TTC ACC TGC TCG rCAT GT/GT3/","PvP01_04_v2",361787,361899,359530,362825,"+","PVP01_0408900","PVP01_0408900",359530,362825,"+",3295,3295,361787,361899
"20","PvP01_05_v2_776828_776973_93261","93261","/rhSeq-f/ATG AGA TTC ACA CTG TAG TCG GrGG CAG /GT2/","/rhSeq-r/CCT CGT ATC GTT CCT TNA GTC rCTC TT/GT4/","PvP01_05_v2",776828,776973,775393,778665,"+","PVP01_0518700","ClpB1",775393,778665,"+",3272,3272,776828,776973
"21","PvP01_13_v2_1197713_1197831_403278","403278","/rhSeq-f/GCC GAC TAT CGC ACT TTT rGTT CT/GT2/","/rhSeq-r/TTG CAG AAG GAT GCT CTG ArAT GAG /GT4/","PvP01_13_v2",1197713,1197831,1195278,1198567,"-","PVP01_1328200","P113",1195278,1198567,"-",3289,3289,1197713,1197831
"22","PvP01_13_v2_1762261_1762355_414570","414570","/rhSeq-f/GTT TGA TAA ACT CTT TGG GCA TAC ArGA ACT /GT1/","/rhSeq-r/CAT TTT CTG GTC GTC AAT TTT TGG rCAA CA/GT1/","PvP01_13_v2",1762261,1762355,1751583,1773151,"+","PVP01_1340300","PVP01_1340300",1752351,1772434,"+",20083,21568,1762261,1762355
"23","PvP01_07_v2_496520_496613_139001","139001","/rhSeq-f/AGA ATG TGT CGG ATT TTC GAT TAG rGAC TC/GT1/","/rhSeq-r/ACA ACC GCA TGT ACA ATC TTT TrGA AGG /GT4/","PvP01_07_v2",496520,496613,495347,505297,"+","PVP01_0709800","CRMP1",495347,505297,"+",9950,9950,496520,496613
"24","PvP01_09_v2_264626_264698_202627","202627","/rhSeq-f/GTT TGA GGA AAA TCT CGA AAG AAG AArC TAG C/GT3/","/rhSeq-r/TTG CTT ATC TCA GCA CTG CTT TrGG TCA /GT3/","PvP01_09_v2",264626,264698,262680,266450,"+","PVP01_0904200","SufD",262680,266450,"+",3770,3770,264626,264698
"25","PvP01_10_v2_254364_254412_247163","247163","/rhSeq-f/GTT TTA CCA GAA TAT GTG GAG CAT rGAA AG/GT4/","/rhSeq-r/GCG TAT AGG ATC TGA ATA GTC ATC GrAT TAG /GT4/","PvP01_10_v2",254364,254412,251447,256305,"+","PVP01_1005500","PVP01_1005500",254054,255691,"+",1637,4858,254364,254412
"26","PvP01_05_v2_290396_290532_83532","83532","/rhSeq-f/GTG CTC GTT CTT ATT AAT CGG ATrG CAA A/GT4/","/rhSeq-r/AGC AAA GAG GAG AAA GTG AGrC GGA G/GT2/","PvP01_05_v2",290396,290532,288486,298197,"-","PVP01_0506600","SET3",288486,294638,"-",6152,9711,290396,290532
"27","PvP01_MIT_v2_2930_3141_MIT_Species2","MIT_Species2","/rhSeq-f/CAT CGC AGC CTT GCA ATA AAT TAA TrAT TAT /GT1/","/rhSeq-r/CAG TCG AGT TCC TTT AAT GTA GTT TCrC TCA C/GT4/","PvP01_MIT_v2",2930,3141,2922,2957,"+","PVP01_MIT02900","PVP01_MIT02900",2922,2957,"+",35,35,2972,3183
"28","PvP01_03_v2_536620_536711_50287","50287","/rhSeq-f/TCC CTG CTG AAG GAC TCrC GAG C/GT1/","/rhSeq-r/ACT CAC CGN CAA CGT TrGG GCG /GT3/","PvP01_03_v2",536620,536711,536240,537681,"+","PVP01_0312200","PVP01_0312200",536544,537681,"+",1137,1441,536620,536711
"29","PvP01_MIT_v2_1370_1563_MIT_Species1","MIT_Species1","/rhSeq-f/CAG CCA ACA CCA TCC AAT TTrG ATT G/GT2/","/rhSeq-r/GGT TAA GAA CGT CTT GAG GCA rGTT TG/GT1/","PvP01_MIT_v2",1370,1563,1336,1387,"+","PVP01_MIT01600","PVP01_MIT01600",1336,1387,"+",51,51,1386,1579
"30","PvP01_02_v2_213958_214133_24710","24710","/rhSeq-f/ACC TGG AAT GCT CCA AAA ATT rCCT TG/GT1/","/rhSeq-r/GGT AGT GTA CAG GGA AAT CAC rCCC GA/GT1/","PvP01_02_v2",213958,214133,210159,217684,"-","PVP01_0204500","PIP5K",210931,216421,"-",5490,7525,213958,214133
"31","PvP01_10_v2_848868_848916_259053","259053","/rhSeq-f/GTA AAA CTG TTT GAT ATC CCC GTT rGGT TA/GT4/","/rhSeq-r/CTT GGA AAG ACA ACA AGA AAC ArCG GAG /GT2/","PvP01_10_v2",848868,848916,845643,850306,"-","PVP01_1019200","PVP01_1019200",845868,849998,"-",4130,4663,848868,848916
"32","PvP01_08_v2_1403792_1403883_190188","190188","/rhSeq-f/CAC GAA TAC ATG CAT GTG TGT rGCG CA/GT1/","/rhSeq-r/TCG TCG TCG TTA TGT ATG CTG rCAG TC/GT2/","PvP01_08_v2",1403792,1403883,1397913,1404629,"+","PVP01_0832500","AKIT10",1398138,1404116,"+",5978,6716,1403792,1403883
"33","PvP01_05_v2_170476_170547_81132","81132","/rhSeq-f/TGA ATC CTC CGA AAA CGA TTC rCTC AG/GT3/","/rhSeq-r/GCA GTC TGA AGA TTC TGA TGrA AGA A/GT3/","PvP01_05_v2",170476,170547,168928,171925,"-","PVP01_0504000","PVP01_0504000",170000,171428,"-",1428,2997,170476,170547
"34","PvP01_08_v2_1018073_1018248_182475","182475","/rhSeq-f/CCT CGA GAA GGC CAT AGT GrAG CAT /GT3/","/rhSeq-r/GAG AGG GTC ACC GGG TrCT AAG /GT3/","PvP01_08_v2",1018073,1018248,1014927,1025352,"+","PVP01_0822800","NUP335",1015867,1024749,"+",8882,10425,1018073,1018248
"35","PvP01_12_v2_1880553_1880581_353283","353283","/rhSeq-f/GCT TGG TTT TCT GCA CCA GrGT CAT /GT3/","/rhSeq-r/TTG GAC GCC TTC CTG AAG rGAC TC/GT3/","PvP01_12_v2",1880553,1880581,1879775,1882695,"-","PVP01_1245700","PVP01_1245700",1880027,1882480,"-",2453,2920,1880553,1880581
"36","PvP01_06_v2_983157_983333_127882","127882","/rhSeq-f/GGA TAT GGA AGG CAN CGG ATrA TTC C/GT4/","/rhSeq-r/TAA TCC CTT CCC CAT TCT CGrA ATC C/GT4/","PvP01_06_v2",983157,983333,981059,987037,"+","PVP01_0623800","DBP",982025,985813,"+",3788,5978,983157,983333
"37","PvP01_13_v2_754813_754885_394419","394419","/rhSeq-f/GAA GTG TTA AAA TTA ACT GGA GCA ArAT ATG /GT4/","/rhSeq-r/GCA CAT CAT TGT AAT CCT GGA TrGA AGG /GT4/","PvP01_13_v2",754813,754885,744765,766334,"+","PVP01_1316100","PHD2",748889,765715,"+",16826,21569,754813,754885
"38","PvP01_14_v2_675630_675699_434704","434704","/rhSeq-f/AAC GAC ATC CTC AAT TGG AAA rCAG GG/GT2/","/rhSeq-r/GTC CCA AAC TTT CAA GCT GTrA AAA G/GT1/","PvP01_14_v2",675630,675699,674452,684397,"+","PVP01_1415100","TERT",674981,682336,"+",7355,9945,675630,675699
"39","PvP01_14_v2_1887637_1887677_458944","458944","/rhSeq-f/GTT AGA GAG TGG CAT GGA TGT rGAA TT/GT1/","/rhSeq-r/AAT ACC CGA GCA TCC TAA ACA rGAT CA/GT4/","PvP01_14_v2",1887637,1887677,1886064,1889869,"-","PVP01_1443400","PVP01_1443400",1886064,1889869,"-",3805,3805,1887637,1887677
"40","PvP01_13_v2_1865343_1865483_416631","416631","/rhSeq-f/TTT CCG TGG CTN AGT GGrC GAC T/GT1/","/rhSeq-r/AGG TGT CAG CGC TAG CrGG CAG /GT1/","PvP01_13_v2",1865343,1865483,1864238,1872154,"-","PVP01_1342500","SPT6",1864238,1872154,"-",7916,7916,1865343,1865483
"41","PvP01_06_v2_531256_531393_118844","118844","/rhSeq-f/AGT CCT GCT CTC AGG GrGT CCT /GT4/","/rhSeq-r/AGG ATG CTC ACC AGG CrGG ACA /GT2/","PvP01_06_v2",531256,531393,529128,534365,"-","PVP01_0612100","PVP01_0612100",529128,534365,"-",5237,5237,531256,531393
"42","PvP01_01_v2_772093_772211_15441","15441","/rhSeq-f/TCC GAA CCA TCG CTG TTA rCCA CT/GT2/","/rhSeq-r/CTG CCC CTT TCT CCA GAG rCAG TA/GT2/","PvP01_01_v2",772093,772211,770727,775094,"+","PVP01_0117000","PVP01_0117000",772077,774096,"+",2019,4367,772127,772245
"43","PvP01_11_v2_607788_607927_285205","285205","/rhSeq-f/TAA CCA CCA CTG TGT TAT CCA TAT rCTG TT/GT1/","/rhSeq-r/TTA ATA AAG ACA CNA ATG TAG ATT TGA ACrA ACA T/GT3/","PvP01_11_v2",607788,607927,606189,609733,"-","PVP01_1114100","CCT4",606928,609269,"-",2341,3544,607788,607927
"44","PvP01_01_v2_395355_395521_7907","7907","/rhSeq-f/ACN CCC CAA ATG TGA ATA ArCT TCC /GT4/","/rhSeq-r/ACG TGG CTA CTA CCC CArG TGG T/GT3/","PvP01_01_v2",395355,395521,393616,399038,"+","PVP01_0107900","PVP01_0107900",394691,397972,"+",3281,5422,395355,395521
"45","PvP01_14_v2_1206462_1206642_445323","445323","/rhSeq-f/CTT ATT GTG CAG GGA AAA CCA rCAA AT/GT4/","/rhSeq-r/TCA GGG AGC TAA ACG ATT ACA rGCA AC/GT1/","PvP01_14_v2",1206462,1206642,1198070,1207986,"-","PVP01_1428200","PVP01_1428200",1199239,1206684,"-",7445,9916,1206462,1206642
"46","PvP01_14_v2_2022558_2022663_461645","461645","/rhSeq-f/TCC CTT TTC TAT GAG GCT AAC TArG CTC T/GT3/","/rhSeq-r/GGC AAC GAA CTC ATC CAA TTA GrGA AAC /GT2/","PvP01_14_v2",2022558,2022663,2018635,2026407,"-","PVP01_1446800","MSP9",2020621,2023305,"-",2684,7772,2022558,2022663
"47","PvP01_12_v2_1291327_1291407_341498","341498","/rhSeq-f/CTT TAT GTT GGA GAC TGA TTT GTT rCGC CT/GT1/","/rhSeq-r/GTG CTA ATC GAG AAG ATC CTA ACrG AAC G/GT3/","PvP01_12_v2",1291327,1291407,1279950,1293925,"-","PVP01_1232400","STU2",1280395,1292363,"-",11968,13975,1291327,1291407
"48","PvP01_13_v2_293615_293708_385196","385196","/rhSeq-f/AAC TGT CTC AGG TAA TTG CCrC CCT C/GT3/","/rhSeq-r/AGT TGG AAA GGA GAC AGA AAA ATrA TGG C/GT4/","PvP01_13_v2",293615,293708,289477,297730,"-","PVP01_1306300","PVP01_1306300",289909,294366,"-",4457,8253,293615,293708
"49","PvP01_12_v2_1457399_1457514_344819","344819","/rhSeq-f/GAG AAT AAA ATA CCC CTT CAA ATG GArG GAA G/GT1/","/rhSeq-r/CAT ATG TCA ATG TGA TTA CTT CTT GGT rGAA GC/GT4/","PvP01_12_v2",1457399,1457514,1453659,1460525,"-","PVP01_1236700","PVP01_1236700",1453659,1460525,"-",6866,6866,1457399,1457514
"50","PvP01_10_v2_479907_479908_MDR1_F1076L","MDR1_F1076L","/rhSeq-f/TTT AGG GAC ATC AAC TTC CCG rGCG TA/GT2/","/rhSeq-r/AGA CGC TAA TAA ATT CGA TGC TrCT GGG /GT2/","PvP01_10_v2",479907,479908,476677,483934,"-","PVP01_1010900","MDR1",478739,483133,"-",4394,7257,479907,479908
"51","PvP01_09_v2_1459600_1459729_226528","226528","/rhSeq-f/GTC CTG TTT TTG GAA AGG GTrA TNG T/GT3/","/rhSeq-r/CAA AGC TAG CTG CGT GGrG TTC T/GT2/","PvP01_09_v2",1459600,1459729,1458201,1460984,"+","PVP01_0934200","AMA1",1459296,1460984,"+",1688,2783,1459600,1459729
"52","PvP01_14_v2_1763089_1763164_456454","456454","/rhSeq-f/CGC ATG CAA AAG GAA AAT TAA ATG TTrC ACT C/GT3/","/rhSeq-r/ACA AGA GTT ACA CTA TTC GCT TTT rGCG CT/GT3/","PvP01_14_v2",1763089,1763164,1753462,1776337,"+","PVP01_1440800","AP2-G",1760308,1770429,"+",10121,22875,1763089,1763164
"53","PvP01_14_v2_2189680_2189767_464987","464987","/rhSeq-f/CCT GCA GTT TGC CTT TTT GrCA CAT /GT3/","/rhSeq-r/AGA ACC TCC ACG CAG TAC rCTG TT/GT1/","PvP01_14_v2",2189680,2189767,2188811,2192302,"+","PVP01_1450100","PVP01_1450100",2188811,2192302,"+",3491,3491,2189680,2189767
"54","PvP01_05_v2_722013_722089_92164","92164","/rhSeq-f/GAC GAG CAA ATT TAA GAA GCT CTC rGTA GC/GT1/","/rhSeq-r/CTG CCA CAT CCT AAA TCA CAT ACT TrCA TAA /GT4/","PvP01_05_v2",722013,722089,721128,724155,"-","PVP01_0517200","PVP01_0517200",721598,723305,"-",1707,3027,722013,722089
"55","PvP01_14_v2_1270400_1270401_DHPS_A553G","DHPS_A553G","/rhSeq-f/CTG CAA CAG CTT AAT AGA CTG rGTC GT/GT2/","/rhSeq-r/AGC GTC GTT TTA ATG CAC AArG AGG G/GT2/","PvP01_14_v2",1270400,1270401,1269756,1272657,"-","PVP01_1429500","PPPK-DHPS",1269756,1272304,"-",2548,2901,1270400,1270401
"56","PvP01_06_v2_272690_272815_113672","113672","/rhSeq-f/TTA GAA GTC AAT GCG ACG CrCA GAT /GT1/","/rhSeq-r/TCT GAA TGA CCT TCC GGA rGCT GG/GT2/","PvP01_06_v2",272690,272815,271190,274604,"+","PVP01_0606800","DPA",272127,272918,"+",791,3414,272690,272815
"57","PvP01_11_v2_1742120_1742207_307891","307891","/rhSeq-f/GTT GTT AAC TCG TAA GCT GTT GArG GAA G/GT3/","/rhSeq-r/AGG CGA ATA ACC CAC GTA AGrG ACA A/GT3/","PvP01_11_v2",1742120,1742207,1739529,1743896,"-","PVP01_1141100","PVP01_1141100",1740753,1743368,"-",2615,4367,1742120,1742207
"58","PvP01_10_v2_1097783_1097940_264031","264031","/rhSeq-f/GAT GAA TTC ATC CGT TTG GCrG ATG G/GT4/","/rhSeq-r/TGN AAA AGC TAA ACA TCC TAA ACrG AGC T/GT3/","PvP01_10_v2",1097783,1097940,1090159,1099771,"-","PVP01_1025100","PVP01_1025100",1091424,1099688,"-",8264,9612,1097783,1097940
"59","PvP01_06_v2_153460_153574_111288","111288","/rhSeq-f/CAA TTT TGC GAG GGC TAT TCrC GCA C/GT1/","/rhSeq-r/TCA CAT GAA GTG TGC AGT TrGC TGG /GT2/","PvP01_06_v2",153460,153574,152762,157716,"+","PVP01_0604000","PVP01_0604000",153252,155477,"+",2225,4954,153460,153574
"60","PvP01_08_v2_822406_822480_178560","178560","/rhSeq-f/AAA CCG AAC GTT TTA AAT GGG rCAC GT/GT2/","/rhSeq-r/GAC AGA ACC CAC TCG TAT ATC rCCA TT/GT2/","PvP01_08_v2",822406,822480,819059,823929,"+","PVP01_0818700","PVP01_0818700",820260,822899,"+",2639,4870,822406,822480
"61","PvP01_12_v2_2724027_2724063_370151","370151","/rhSeq-f/TCA CTC CTT TGC TCA GTC rCTG TT/GT4/","/rhSeq-r/GAC GAA ACG GAT AAA TTG CTA CArC TAC T/GT4/","PvP01_12_v2",2724027,2724063,2722835,2732722,"-","PVP01_1265700","PVP01_1265700",2723739,2731820,"-",8081,9887,2724027,2724063
"62","PvP01_14_v2_462743_462837_430447","430447","/rhSeq-f/CAG GCT CAT TGG AAT GGT TGrC TAC T/GT2/","/rhSeq-r/AAT ACA GAA GTG TAC CAA GCC rGTA GC/GT1/","PvP01_14_v2",462743,462837,459585,466842,"-","PVP01_1409900","DCP2",462192,466442,"-",4250,7257,462743,462837
"63","PvP01_05_v2_490198_490244_87526","87526","/rhSeq-f/CCC TCA TCA ATC ACT TCT TCC TArC AGA A/GT2/","/rhSeq-r/CTT TTG CGC AAA TAA ATC CAA GTrG AAA C/GT4/","PvP01_05_v2",490198,490244,487651,492791,"+","PVP01_0511300","VPS15",488047,492047,"+",4000,5140,490198,490244
"64","PvP01_13_v2_167460_167596_382674","382674","/rhSeq-f/TGG ACG GCG ACA TCT GTrG AAC T/GT1/","/rhSeq-r/CGG AGC TGT TTA GCA GGT rCAT TC/GT2/","PvP01_13_v2",167460,167596,164946,169378,"+","PVP01_1304100","PVP01_1304100",166536,169378,"+",2842,4432,167460,167596
"65","PvP01_12_v2_995697_995758_335584","335584","/rhSeq-f/CAT ATG TGT TTG AAC GAT TCT TAC GTrA TGT T/GT1/","/rhSeq-r/TGG AAA AGC GAT TCA TAA TTT TTA GAG rCAA CG/GT1/","PvP01_12_v2",995697,995758,993551,999931,"+","PVP01_1225500","PVP01_1225500",993551,999931,"+",6380,6380,995697,995758
"66","PvP01_10_v2_725009_725169_256576","256576","/rhSeq-f/GCT GTT GAT ATC AAA TGT GCT rCGT CC/GT4/","/rhSeq-r/AAG AAG AGC AAG AAG GAG TTrC ACC C/GT4/","PvP01_10_v2",725009,725169,723094,726019,"+","PVP01_1016200","DCX",723094,723813,"+",719,2925,723539,723699
"67","PvP01_04_v2_853861_853944_74562","74562","/rhSeq-f/CTG CNC AGT TTG ATC AGT CrCA CCC /GT1/","/rhSeq-r/CTT CAT TAT TTC GAA TGG CTT TCT rGGA AG/GT1/","PvP01_04_v2",853861,853944,847683,856962,"+","PVP01_0421000","PVP01_0421000",848569,856077,"+",7508,9279,853861,853944
"68","PvP01_13_v2_1985698_1985814_419038","419038","/rhSeq-f/AAG AAA CTG CTA TAC TGT TTG CrCT ACG /GT4/","/rhSeq-r/ATC CAT TGA ATA ACC CGC TTT rGCA CT/GT3/","PvP01_13_v2",1985698,1985814,1984479,1986704,"+","PVP01_1345600","PVP01_1345600",1985010,1986086,"+",1076,2225,1985698,1985814
"69","PvP01_09_v2_1864594_1864642_234628","234628","/rhSeq-f/CAT CAT CAC ATA TGC TAT CAT TGT rCTG CC/GT4/","/rhSeq-r/ACA AGT ACA AAA CGA TGA GCA AAA rGTG GA/GT2/","PvP01_09_v2",1864594,1864642,1863469,1867502,"-","PVP01_0942000","APR1",1863469,1866600,"-",3131,4033,1864594,1864642
"70","PvP01_03_v2_252061_252170_44595","44595","/rhSeq-f/TTC GAT TTG GAA TCC CCT TrCT GCN /GT4/","/rhSeq-r/CAA GAA AAC CCC ACC TTT GrCA CAA /GT1/","PvP01_03_v2",252061,252170,244788,254076,"-","PVP01_0304700","LISP2",245783,253342,"-",7559,9288,252061,252170
"71","PvP01_11_v2_916515_916676_291380","291380","/rhSeq-f/GCA CTN TCT GAT AGC ATG TrGG TCT /GT4/","/rhSeq-r/GAG ACC CAT CCA CAT CTG rCGA AT/GT4/","PvP01_11_v2",916515,916676,911601,923431,"-","PVP01_1121300","PK4",912876,920639,"-",7763,11830,916515,916676
"72","PvP01_10_v2_1408100_1408170_270238","270238","/rhSeq-f/GCA AAA TGA TGA GTA TTC CAT GAT TTT rCTG TG/GT1/","/rhSeq-r/GTA AAA AGG ATG CTC ATT TTG CTrG CAG G/GT1/","PvP01_10_v2",1408100,1408170,1406307,1408881,"+","PVP01_1033100","PVP01_1033100",1407109,1408530,"+",1421,2574,1408100,1408170
"73","PvP01_12_v2_532970_533101_326331","326331","/rhSeq-f/GAA ACG AAA TAT GCC GAC ATC TrAT TCT /GT1/","/rhSeq-r/TTG CAA AAA GCC GAA GGT TTT rCAC CA/GT2/","PvP01_12_v2",532970,533101,520875,533871,"+","PVP01_1211900","ApiAP2",521716,533247,"+",11531,12996,532970,533101
"74","PvP01_14_v2_2861965_2862134_478433","478433","/rhSeq-f/AAC TTA TTG AGG ATG TTA TGG AAG rAGN GA/GT4/","/rhSeq-r/CTT ACT GCA CCC AGA CAA TAA GrGA CTT /GT2/","PvP01_14_v2",2861965,2862134,2860265,2871060,"-","PVP01_1467200","G377",2860265,2868007,"-",7742,10795,2861965,2862134
"75","PvP01_08_v2_1157514_1157634_185264","185264","/rhSeq-f/AGA GGC TCC TAA AAG TGC TTrG TTA A/GT1/","/rhSeq-r/GTG GGT ACT CCT CAA GTG TTT rAAT AT/GT1/","PvP01_08_v2",1157514,1157634,1157104,1161300,"-","PVP01_0826000","PVP01_0826000",1159567,1160835,"-",1268,4196,1160558,1160678
"76","PvP01_11_v2_177898_177971_276606","276606","/rhSeq-f/GGT TTT CAC TCC CTC CAC TrCA TTT /GT1/","/rhSeq-r/GGC ACT CTT TTG AGT AGC AGrC TTG A/GT3/","PvP01_11_v2",177898,177971,174227,179174,"-","PVP01_1104300","AlaRS",174742,178335,"-",3593,4947,177898,177971
"77","PvP01_12_v2_2108485_2108611_357841","357841","/rhSeq-f/TGA TGG TCT TTA CAC ACT CGT rATA GG/GT4/","/rhSeq-r/AAC CCG ATG ATG CCA TAG AArG GTG T/GT1/","PvP01_12_v2",2108485,2108611,2104648,2110432,"-","PVP01_1251400","PVP01_1251400",2105913,2109464,"-",3551,5784,2108485,2108611
"78","PvP01_05_v2_1352101_1352165_104765","104765","/rhSeq-f/GGT TCG ACA TTA TGA GTA GAC ACrG TTT G/GT4/","/rhSeq-r/CGT TGA CCT TTT GGG AAA CAT ArCA CAT /GT1/","PvP01_05_v2",1352101,1352165,1349327,1355279,"-","PVP01_0532100","PVP01_0532100",1350455,1354525,"-",4070,5952,1352101,1352165
"79","PvP01_14_v2_3009930_3010081_481392","481392","/rhSeq-f/GCG ATA TCA CTT TTT AAG TCA TCG rAAT GA/GT4/","/rhSeq-r/TAA GCC ACT AGN GTA TGA TGA CGrA ATT T/GT3/","PvP01_14_v2",3009930,3010081,3009446,3010524,"-","PVP01_1470400","PVP01_1470400",3009446,3010524,"-",1078,1078,3009930,3010081
"80","PvP01_07_v2_78143_78172_130632","130632","/rhSeq-f/GTT CTT TTA AAT AAT GCA CCT TTT TCG rCCA TC/GT1/","/rhSeq-r/GAA AAC CAA AAT AGA TGA AAG TTT ACA AArC AGT G/GT2/","PvP01_07_v2",78143,78172,71106,80980,"-","PVP01_0701200","RBP1a",71450,80153,"-",8703,9874,78143,78172
"81","PvP01_11_v2_2001515_2001699_313080","313080","/rhSeq-f/GCN CTT CAT GTT TAC AGT GTrA AGC A/GT3/","/rhSeq-r/TCA TTC GCC TCG ATG GAA rGAC AC/GT2/","PvP01_11_v2",2001515,2001699,1995543,2003803,"+","PVP01_1146900","PVP01_1146900",1997596,2001726,"+",4130,8260,2001515,2001699
"82","PvP01_14_v2_2699925_2700045_475191","475191","/rhSeq-f/AAA ACG GTG CTC TTG TCG rGTG GT/GT4/","/rhSeq-r/GAA AAA GTG GGC CCG GTrG GAA A/GT2/","PvP01_14_v2",2699925,2700045,2697273,2704717,"-","PVP01_1462700","PVP01_1462700",2698372,2702796,"-",4424,7444,2699925,2700045
"83","PvP01_14_v2_2261604_2261794_466426","466426","/rhSeq-f/ACT ATC TAA CGA GTA GCA GCrA GCG G/GT1/","/rhSeq-r/CGT TGT TNA GAG GTC CTC TrCT GGA /GT2/","PvP01_14_v2",2261604,2261794,2250169,2265240,"+","PVP01_1451700","AARP1",2251217,2265240,"+",14023,15071,2261604,2261794
"84","PvP01_09_v2_1688611_1688696_231108","231108","/rhSeq-f/AGC AAG GAC AAG ATG AGG ATrG AAC A/GT4/","/rhSeq-r/GCA TTT AAG GAC ATG CAA CTG rGAA TC/GT4/","PvP01_09_v2",1688611,1688696,1684607,1697473,"-","PVP01_0939400","GCalpha",1684607,1696546,"-",11939,12866,1688611,1688696
"85","PvP01_11_v2_1572690_1572840_304503","304503","/rhSeq-f/GCC GCT CTA CAA GGG ArGA AGT /GT2/","/rhSeq-r/CCT TGC GCC TGA AGT TAT rCGT AC/GT1/","PvP01_11_v2",1572690,1572840,1570854,1573348,"+","PVP01_1137000","EIF3L",1571146,1573008,"+",1862,2494,1572690,1572840
"86","PvP01_07_v2_832233_832371_145716","145716","/rhSeq-f/TAC ACC CNT TCG TTT AGC CrAT TTG /GT4/","/rhSeq-r/TGA TGT AAT CCC CTG CAC AGrC TCT G/GT4/","PvP01_07_v2",832233,832371,827302,833463,"+","PVP01_0718800","PVP01_0718800",827645,832531,"+",4886,6161,832233,832371
"87","PvP01_12_v2_1945902_1946055_354590","354590","/rhSeq-f/TGT ATN CTC CAT TTG GGA GTrC CAC C/GT1/","/rhSeq-r/CCA GAT GAG CAA CCC AArC GGA A/GT2/","PvP01_12_v2",1945902,1946055,1944432,1946819,"-","PVP01_1247800","PVP01_1247800",1944432,1946819,"-",2387,2387,1945902,1946055
"88","PvP01_14_v2_1270910_1270911_DHPS_A383G","DHPS_A383G","/rhSeq-f/AAC CTC ACA CTC CAA CTT ATG rCCA CT/GT3/","/rhSeq-r/CTT TTC AGA TGG CGG TTT ATT TrGT CGA /GT1/","PvP01_14_v2",1270910,1270911,1269756,1272657,"-","PVP01_1429500","PPPK-DHPS",1269756,1272304,"-",2548,2901,1270910,1270911
"89","PvP01_10_v2_480206_480207_MDR1_Y976F","MDR1_Y976F","/rhSeq-f/TTC TTC TCT ACA TCC TTG TTG GrCT GCT /GT4/","/rhSeq-r/CTC ACT TTA TAG TGC TCT TCC TTrG TGA G/GT1/","PvP01_10_v2",480206,480207,476677,483934,"-","PVP01_1010900","MDR1",478739,483133,"-",4394,7257,480206,480207
"90","PvP01_11_v2_1423369_1423519_301517","301517","/rhSeq-f/CAA AGT TGT AAA AGN GAT CTG CTC ArAA TTT /GT3/","/rhSeq-r/CAA GCC TGA CTG TTC AGA AAA ArAT TTC /GT1/","PvP01_11_v2",1423369,1423519,1420989,1425730,"+","PVP01_1133300","COG4",1421797,1425380,"+",3583,4741,1423369,1423519
"91","PvP01_03_v2_763605_763660_54827","54827","/rhSeq-f/CTC CTG GCA TGG ACC CrCA CCT /GT3/","/rhSeq-r/TAN AGC AGG CGG TAG AGrC TTC C/GT1/","PvP01_03_v2",763605,763660,760940,764331,"+","PVP01_0317900","RALP1",761694,763721,"+",2027,3391,763605,763660
"92","PvP01_03_v2_178937_179094_43133","43133","/rhSeq-f/TGG CAT AGC TGC GAA GTT rATT CA/GT3/","/rhSeq-r/NTC CAC GTG GCT GTA TrAG GGG /GT2/","PvP01_03_v2",178937,179094,171877,182656,"-","PVP01_0303400","ApiAP2",171877,182656,"-",10779,10779,178937,179094
"93","PvP01_02_v2_327552_327739_26982","26982","/rhSeq-f/TTC GCA ACA AGA GGA GCA AArC ATA G/GT2/","/rhSeq-r/CCG TCA AAT GGT AAA GCG TrGA AGN /GT4/","PvP01_02_v2",327552,327739,327169,328551,"+","PVP01_0207700","PVP01_0207700",327169,328551,"+",1382,1382,327552,327739
"94","PvP01_09_v2_448574_448630_206308","206308","/rhSeq-f/CCA GCT GTT TAT TTT CAA TCA AGT rGGT GA/GT1/","/rhSeq-r/CAC GAG AAA AGA AAA CGA AAT TGA rAAG CT/GT4/","PvP01_09_v2",448574,448630,447240,450787,"-","PVP01_0908400","PVP01_0908400",447240,450422,"-",3182,3547,448574,448630
"95","PvP01_12_v2_2465991_2466085_364991","364991","/rhSeq-f/CCA TAT TTA TAT CTT CAT CAT CGC TTT TrCT TCC /GT3/","/rhSeq-r/ATT ATA AAT TCA GAC TCA TCT TAT TCA TCrC NAT G/GT4/","PvP01_12_v2",2465991,2466085,2465154,2467470,"-","PVP01_1259800","PVP01_1259800",2465154,2466906,"-",1752,2316,2465991,2466085
"96","PvP01_07_v2_1427121_1427291_157614","157614","/rhSeq-f/GGT AGT CGC AAA GAA CAC TrCA NGT /GT1/","/rhSeq-r/CAG GAA ATT TGG AAA CGC CArG TAT G/GT3/","PvP01_07_v2",1427121,1427291,1425833,1432733,"-","PVP01_0734500","CLAG7",1426229,1431673,"-",5444,6900,1427121,1427291
"97","PvP01_14_v2_56852_57021_422331","422331","/rhSeq-f/CAA TAA ATC GAC CAA GNT TCT TTC CArG AAT A/GT4/","/rhSeq-r/TGC ATT TAT CTA TTA TGG TAG CAT AAT GGrA TAA T/GT4/","PvP01_14_v2",56852,57021,54211,61541,"-","PVP01_1401400","PVP01_1401400",55789,61052,"-",5263,7330,56852,57021
"98","PvP01_05_v2_1125680_1125748_100236","100236","/rhSeq-f/CCA CGC AGA GTG CTT TTrC CAT C/GT1/","/rhSeq-r/CTT GTC TCA CCG CTG CrCC TCA /GT3/","PvP01_05_v2",1125680,1125748,1119920,1134422,"+","PVP01_0527400","PVP01_0527400",1119920,1134422,"+",14502,14502,1125680,1125748
"99","PvP01_13_v2_485702_485833_389038","389038","/rhSeq-f/GTG GGA TGG TCT CTA CTT ATrG TGA C/GT3/","/rhSeq-r/CAA TAA CAG CTC CTT CAA CTT rCGA GA/GT4/","PvP01_13_v2",485702,485833,482218,490313,"-","PVP01_1310500","MCM8",482705,487343,"-",4638,8095,485702,485833
"100","PvP01_08_v2_168547_168665_165484","165484","/rhSeq-f/TGT TCC TCA CTT CTG AGA GTrA GAA G/GT3/","/rhSeq-r/GAC CAA GTG ACG AAG CArC TAC A/GT4/","PvP01_08_v2",168547,168665,166346,172170,"-","PVP01_0803500","PVP01_0803500",167177,171034,"-",3857,5824,168547,168665
"101","PvP01_07_v2_1123202_1123330_151535","151535","/rhSeq-f/CGA GAT GTA AAC GAA GGT GArA AGG G/GT2/","/rhSeq-r/AGA CTC ACC AGA TTG ACC ArGA CTC /GT4/","PvP01_07_v2",1123202,1123330,1121462,1125014,"+","PVP01_0726100","PVP01_0726100",1122688,1124661,"+",1973,3552,1123202,1123330
