Chromosome,Gene_Id,Description,Mutation,Annotation
Pf3D7_04_v3,PF3D7_0417200,dhfrĘ,N51I,Pyrimethamine resistance
Pf3D7_04_v3,PF3D7_0417200,dhfrĘ,C59R,Pyrimethamine resistance
Pf3D7_04_v3,PF3D7_0417200,dhfrĘ,C59Y,Pyrimethamine resistance
Pf3D7_04_v3,PF3D7_0417200,dhfrĘ,S108N,Pyrimethamine resistance
Pf3D7_04_v3,PF3D7_0417200,dhfrĘ,S108T,Pyrimethamine resistance
Pf3D7_04_v3,PF3D7_0417200,dhfrĘ,I164L,Pyrimethamine resistance
Pf3D7_05_v3,PF3D7_0523000,mdr1Ę,N86Y,Amodiaquine and Chloroquine resistance
Pf3D7_05_v3,PF3D7_0523000,mdr1Ę,Y184F,Lumefantrine and Mefloquine resistance
Pf3D7_05_v3,PF3D7_0523000,mdr1Ę,D1246Y,Chloroquine resistance
Pf3D7_08_v3,PF3D7_0810800,dhpsĘ,S436A,Sulfadoxine resistance
Pf3D7_08_v3,PF3D7_0810800,dhpsĘ,S436Y,Sulfadoxine resistance
Pf3D7_08_v3,PF3D7_0810800,dhpsĘ,S436F,Sulfadoxine resistance
Pf3D7_08_v3,PF3D7_0810800,dhpsĘ,S436G,Sulfadoxine resistance
Pf3D7_08_v3,PF3D7_0810800,dhpsĘ,A437G,Sulfadoxine resistance
Pf3D7_08_v3,PF3D7_0810800,dhpsĘ,K540E,Sulfadoxine resistance
Pf3D7_08_v3,PF3D7_0810800,dhpsĘ,K540N,Sulfadoxine resistance
Pf3D7_08_v3,PF3D7_0810800,dhpsĘ,A581G,Sulfadoxine resistance
Pf3D7_08_v3,PF3D7_0810800,dhpsĘ,A613S,Sulfadoxine resistance
Pf3D7_08_v3,PF3D7_0810800,dhpsĘ,A613T,Sulfadoxine resistance
Pf3D7_14_v3,PF3D7_1447900,mdr2Ę,T484I,Linked to Artemisinin K13 C580Y mutation
Pf3D7_14_v3,PF3D7_1447900,mdr2Ę,F423Y,Pyrimethamine resistance
Pf3D7_13_v3,PF3D7_1343700,Kelch13,C580Y,Artemisinin resistance
Pf3D7_13_v3,PF3D7_1343700,Kelch13,Y493H,Artemisinin resistance
Pf3D7_13_v3,PF3D7_1343700,Kelch13,R539T,Artemisinin resistance
Pf3D7_13_v3,PF3D7_1343700,Kelch13,I543T,Artemisinin resistance
Pf3D7_13_v3,PF3D7_1343700,Kelch13,R561H,Artemisinin resistance
Pf3D7_13_v3,PF3D7_1343700,Kelch13,M476I,Delayed clearance in vivo by Artemisinin
Pf3D7_13_v3,PF3D7_1343700,Kelch13,P441L,Delayed clearance in vivo by Artemisinin
Pf3D7_13_v3,PF3D7_1343700,Kelch13,F446I,Delayed clearance in vivo by Artemisinin
Pf3D7_13_v3,PF3D7_1343700,Kelch13,S449A,Delayed clearance in vivo by Artemisinin
Pf3D7_13_v3,PF3D7_1343700,Kelch13,N458Y,Delayed clearance in vivo by Artemisinin
Pf3D7_13_v3,PF3D7_1343700,Kelch13,P553L,Delayed clearance in vivo by Artemisinin
Pf3D7_13_v3,PF3D7_1343700,Kelch13,V568G,Delayed clearance in vivo by Artemisinin
Pf3D7_13_v3,PF3D7_1343700,Kelch13,P574L,Delayed clearance in vivo by Artemisinin
Pf3D7_13_v3,PF3D7_1343700,Kelch13,L675V,Delayed clearance in vivo by Artemisinin